{
  "COLMOLMA": "Motor Add-On",
  "FTLMOLMA": "Motor Add-On",
  "TPLMOLMA": "Motor Add-On",
  "COVBXVBX": "ประเภท 1",
  "FTVBXVBX": "รอตรวจสอบ",
  "TPVBXVBX": "ประเภท 3",
  "ACVBYVBY": "พรบ",
  "COVCEVCE": "ประเภท 1",
  "FTVCEVCE": "ประเภท 2",
  "TPVCEVCE": "ประเภท 3",
  "ACVCFVCF": "พรบ",
  "FTVCNVCC": "ประเภท 2+ (No DD) เพิ่มภัยพิบัติ",
  "TPVCNVCC": "รอตรวจสอบ",
  "FTVCNVCN": "ประเภท 2+ (No DD)",
  "TPVCNVCN": "ประเภท 3+ (No DD)",
  "FTVCVVCD": "ประเภท 2+ (DD) เพิ่มภัยพิบัติ",
  "TPVCVVCD": "รอตรวจสอบ",
  "FTVCVVCV": "ประเภท 2+ (DD)",
  "TPVCVVCV": "ประเภท 3+ (DD)",
  "COVCXVCX": "ประเภท 1",
  "FTVCXVCX": "รอตรวจสอบ",
  "TPVCXVCX": "ประเภท 3",
  "COVCXVPW": "ประเภท 1",
  "FTVCXVPW": "รอตรวจสอบ",
  "TPVCXVPW": "รอตรวจสอบ",
  "ACVCYVCY": "พรบ",
  "ACVCYVPH": "พรบ",
  "COVFXVBX": "ประเภท 1",
  "FTVFXVBX": "รอตรวจสอบ",
  "TPVFXVBX": "ประเภท 3",
  "COVFXVCE": "ประเภท 1",
  "FTVFXVCE": "ประเภท 2",
  "TPVFXVCE": "ประเภท 3",
  "COVFXVCX": "ประเภท 1",
  "FTVFXVCX": "รอตรวจสอบ",
  "TPVFXVCX": "รอตรวจสอบ",
  "COVFXVMC": "ประเภท 1",
  "FTVFXVMC": "ประเภท 2",
  "TPVFXVMC": "ประเภท 3",
  "COVFXVMX": "ประเภท 1",
  "FTVFXVMX": "ประเภท 2",
  "TPVFXVMX": "ประเภท 3",
  "COVFXVSX": "ประเภท 1",
  "FTVFXVSX": "ประเภท 2",
  "TPVFXVSX": "ประเภท 3",
  "COVMCVMC": "ประเภท 1",
  "FTVMCVMC": "ประเภท 2",
  "TPVMCVMC": "ประเภท 3",
  "ACVMDVMD": "พรบ",
  "COVMXVMX": "ประเภท 1",
  "FTVMXVMX": "ประเภท 2",
  "TPVMXVMX": "ประเภท 3",
  "ACVMYVMY": "พรบ",
  "COVPDVPP": "รอตรวจสอบ",
  "FTVPDVPP": "รอตรวจสอบ",
  "TPVPDVPP": "รอตรวจสอบ",
  "COVPEVPE": "รอตรวจสอบ",
  "FTVPEVPE": "รอตรวจสอบ",
  "TPVPEVPE": "รอตรวจสอบ",
  "ACVPFVPF": "รอตรวจสอบ",
  "ACVPGVPG": "พรบ",
  "ACVPGVPH": "พรบ",
  "COVPLVPX": "รอตรวจสอบ",
  "FTVPLVPX": "รอตรวจสอบ",
  "TPVPLVPX": "รอตรวจสอบ",
  "COVPMVPA": "Motor Gap",
  "COVPMVPB": "Motor Gap",
  "COVPMVPL": "รอตรวจสอบ",
  "COVPMVPM": "Motor Gap",
  "COVPNVPC": "รอตรวจสอบ",
  "FTVPNVPC": "ประเภท 2+ (No DD) เพิ่มภัยพิบัติ",
  "TPVPNVPC": "ประเภท 3+ (No DD) เพิ่มภัยพิบัติ",
  "COVPNVPN": "รอตรวจสอบ",
  "FTVPNVPN": "ประเภท 2+ (No DD)",
  "TPVPNVPN": "ประเภท 3+ (No DD)",
  "COVPPVPP": "ประเภท 1",
  "FTVPPVPP": "ประเภท 2",
  "TPVPPVPP": "ประเภท 3",
  "COVPPVPS": "ประเภท 1",
  "FTVPPVPS": "รอตรวจสอบ",
  "TPVPPVPS": "ประเภท 3",
  "COVPPVPW": "ประเภท 1",
  "FTVPPVPW": "รอตรวจสอบ",
  "TPVPPVPW": "รอตรวจสอบ",
  "FTVPVVPD": "ประเภท 2+ (DD) เพิ่มภัยพิบัติ",
  "TPVPVVPD": "ประเภท 3+ (DD) เพิ่มภัยพิบัติ",
  "FTVPVVPV": "ประเภท 2+ (DD)",
  "TPVPVVPV": "ประเภท 3+ (DD)",
  "COVPXVPX": "รอตรวจสอบ",
  "FTVPXVPX": "รอตรวจสอบ",
  "TPVPXVPX": "รอตรวจสอบ",
  "ACVPYVPY": "พรบ",
  "COVSXVSX": "ประเภท 1",
  "FTVSXVSX": "ประเภท 2",
  "TPVSXVSX": "ประเภท 3",
  "ACVSYVSY": "พรบ",
  "COVMXVMT": "ประเภท 1",
  "ACVMYVMU": "พรบ",
  "COVMCVMV": "ประเภท 1",
  "ACVMDVMW": "พรบ"
}
