[
  {
    "provinceTH": "กรุงเทพมหานคร",
    "districtTH": "คลองเตย",
    "provinceEN": "Bangkok",
    "districtEN": "Khlong Toei",
    "guaranteeMinute": 30
  },
  {
    "provinceTH": "กรุงเทพมหานคร",
    "districtTH": "คลองสาน",
    "provinceEN": "Bangkok",
    "districtEN": "Khlong San",
    "guaranteeMinute": 30
  },
  {
    "provinceTH": "กรุงเทพมหานคร",
    "districtTH": "คลองสามวา",
    "provinceEN": "Bangkok",
    "districtEN": "Khlong Sam Wa",
    "guaranteeMinute": 30
  },
  {
    "provinceTH": "กรุงเทพมหานคร",
    "districtTH": "คันนายาว",
    "provinceEN": "Bangkok",
    "districtEN": "Khan Na Yao",
    "guaranteeMinute": 30
  },
  {
    "provinceTH": "กรุงเทพมหานคร",
    "districtTH": "จตุจักร",
    "provinceEN": "Bangkok",
    "districtEN": "Chatuchak",
    "guaranteeMinute": 30
  },
  {
    "provinceTH": "กรุงเทพมหานคร",
    "districtTH": "จอมทอง",
    "provinceEN": "Bangkok",
    "districtEN": "Chom Tong",
    "guaranteeMinute": 30
  },
  {
    "provinceTH": "กรุงเทพมหานคร",
    "districtTH": "ดอนเมือง",
    "provinceEN": "Bangkok",
    "districtEN": "Don Mueang",
    "guaranteeMinute": 30
  },
  {
    "provinceTH": "กรุงเทพมหานคร",
    "districtTH": "ดินแดง",
    "provinceEN": "Bangkok",
    "districtEN": "Din Daeng",
    "guaranteeMinute": 30
  },
  {
    "provinceTH": "กรุงเทพมหานคร",
    "districtTH": "ดุสิต",
    "provinceEN": "Bangkok",
    "districtEN": "Dusit",
    "guaranteeMinute": 30
  },
  {
    "provinceTH": "กรุงเทพมหานคร",
    "districtTH": "ตลิ่งชัน",
    "provinceEN": "Bangkok",
    "districtEN": "Taling Chan",
    "guaranteeMinute": 30
  },
  {
    "provinceTH": "กรุงเทพมหานคร",
    "districtTH": "ทวีวัฒนา",
    "provinceEN": "Bangkok",
    "districtEN": "Thawee Wattana",
    "guaranteeMinute": 30
  },
  {
    "provinceTH": "กรุงเทพมหานคร",
    "districtTH": "ทุ่งครุ",
    "provinceEN": "Bangkok",
    "districtEN": "Thung Khru",
    "guaranteeMinute": 30
  },
  {
    "provinceTH": "กรุงเทพมหานคร",
    "districtTH": "ธนบุรี",
    "provinceEN": "Bangkok",
    "districtEN": "Thonburi",
    "guaranteeMinute": 30
  },
  {
    "provinceTH": "กรุงเทพมหานคร",
    "districtTH": "บางกอกน้อย",
    "provinceEN": "Bangkok",
    "districtEN": "Bangkok Noi",
    "guaranteeMinute": 30
  },
  {
    "provinceTH": "กรุงเทพมหานคร",
    "districtTH": "บางกอกใหญ่",
    "provinceEN": "Bangkok",
    "districtEN": "Bangkok Yai",
    "guaranteeMinute": 30
  },
  {
    "provinceTH": "กรุงเทพมหานคร",
    "districtTH": "บางกะปิ",
    "provinceEN": "Bangkok",
    "districtEN": "Bang Kapi",
    "guaranteeMinute": 30
  },
  {
    "provinceTH": "กรุงเทพมหานคร",
    "districtTH": "บางขุนเทียน",
    "provinceEN": "Bangkok",
    "districtEN": "Bang Khun Thian",
    "guaranteeMinute": 30
  },
  {
    "provinceTH": "กรุงเทพมหานคร",
    "districtTH": "บางเขน",
    "provinceEN": "Bangkok",
    "districtEN": "Bang Khen",
    "guaranteeMinute": 30
  },
  {
    "provinceTH": "กรุงเทพมหานคร",
    "districtTH": "บางคอแหลม",
    "provinceEN": "Bangkok",
    "districtEN": "Bang Kho Laem",
    "guaranteeMinute": 30
  },
  {
    "provinceTH": "กรุงเทพมหานคร",
    "districtTH": "บางแค",
    "provinceEN": "Bangkok",
    "districtEN": "Bang Khae",
    "guaranteeMinute": 30
  },
  {
    "provinceTH": "กรุงเทพมหานคร",
    "districtTH": "บางซื่อ",
    "provinceEN": "Bangkok",
    "districtEN": "Bang Sue",
    "guaranteeMinute": 30
  },
  {
    "provinceTH": "กรุงเทพมหานคร",
    "districtTH": "บางนา",
    "provinceEN": "Bangkok",
    "districtEN": "Bang Na",
    "guaranteeMinute": 30
  },
  {
    "provinceTH": "กรุงเทพมหานคร",
    "districtTH": "บางบอน",
    "provinceEN": "Bangkok",
    "districtEN": "Bang Bon",
    "guaranteeMinute": 30
  },
  {
    "provinceTH": "กรุงเทพมหานคร",
    "districtTH": "บางพลัด",
    "provinceEN": "Bangkok",
    "districtEN": "Bang Phlat",
    "guaranteeMinute": 30
  },
  {
    "provinceTH": "กรุงเทพมหานคร",
    "districtTH": "บางรัก",
    "provinceEN": "Bangkok",
    "districtEN": "Bang Rak",
    "guaranteeMinute": 30
  },
  {
    "provinceTH": "กรุงเทพมหานคร",
    "districtTH": "บึงกุ่ม",
    "provinceEN": "Bangkok",
    "districtEN": "Bueng Kum",
    "guaranteeMinute": 30
  },
  {
    "provinceTH": "กรุงเทพมหานคร",
    "districtTH": "ปทุมวัน",
    "provinceEN": "Bangkok",
    "districtEN": "Pathum Wan",
    "guaranteeMinute": 30
  },
  {
    "provinceTH": "กรุงเทพมหานคร",
    "districtTH": "ประเวศ",
    "provinceEN": "Bangkok",
    "districtEN": "Prawet",
    "guaranteeMinute": 30
  },
  {
    "provinceTH": "กรุงเทพมหานคร",
    "districtTH": "ป้อมปราบศัตรูพ่าย",
    "provinceEN": "Bangkok",
    "districtEN": "Pom Prap Sattru Phai",
    "guaranteeMinute": 30
  },
  {
    "provinceTH": "กรุงเทพมหานคร",
    "districtTH": "พญาไท",
    "provinceEN": "Bangkok",
    "districtEN": "Phaya Thai",
    "guaranteeMinute": 30
  },
  {
    "provinceTH": "กรุงเทพมหานคร",
    "districtTH": "พระโขนง",
    "provinceEN": "Bangkok",
    "districtEN": "Phra Khanong",
    "guaranteeMinute": 30
  },
  {
    "provinceTH": "กรุงเทพมหานคร",
    "districtTH": "พระนคร",
    "provinceEN": "Bangkok",
    "districtEN": "Phra Nakhon",
    "guaranteeMinute": 30
  },
  {
    "provinceTH": "กรุงเทพมหานคร",
    "districtTH": "ภาษีเจริญ",
    "provinceEN": "Bangkok",
    "districtEN": "Phasi Charoen",
    "guaranteeMinute": 30
  },
  {
    "provinceTH": "กรุงเทพมหานคร",
    "districtTH": "มีนบุรี",
    "provinceEN": "Bangkok",
    "districtEN": "Min Buri",
    "guaranteeMinute": 30
  },
  {
    "provinceTH": "กรุงเทพมหานคร",
    "districtTH": "ยานนาวา",
    "provinceEN": "Bangkok",
    "districtEN": "Yan Nawa",
    "guaranteeMinute": 30
  },
  {
    "provinceTH": "กรุงเทพมหานคร",
    "districtTH": "ราชเทวี",
    "provinceEN": "Bangkok",
    "districtEN": "Ratchathewi",
    "guaranteeMinute": 30
  },
  {
    "provinceTH": "กรุงเทพมหานคร",
    "districtTH": "ราษฎร์บูรณะ",
    "provinceEN": "Bangkok",
    "districtEN": "Rat Burana",
    "guaranteeMinute": 30
  },
  {
    "provinceTH": "กรุงเทพมหานคร",
    "districtTH": "ลาดกระบัง",
    "provinceEN": "Bangkok",
    "districtEN": "Lat Krabang",
    "guaranteeMinute": 30
  },
  {
    "provinceTH": "กรุงเทพมหานคร",
    "districtTH": "ลาดพร้าว",
    "provinceEN": "Bangkok",
    "districtEN": "Lat Phrao",
    "guaranteeMinute": 30
  },
  {
    "provinceTH": "กรุงเทพมหานคร",
    "districtTH": "วังทองหลาง",
    "provinceEN": "Bangkok",
    "districtEN": "Wang Thonglang",
    "guaranteeMinute": 30
  },
  {
    "provinceTH": "กรุงเทพมหานคร",
    "districtTH": "วัฒนา",
    "provinceEN": "Bangkok",
    "districtEN": "Watthana",
    "guaranteeMinute": 30
  },
  {
    "provinceTH": "กรุงเทพมหานคร",
    "districtTH": "สวนหลวง",
    "provinceEN": "Bangkok",
    "districtEN": "Suan Luang",
    "guaranteeMinute": 30
  },
  {
    "provinceTH": "กรุงเทพมหานคร",
    "districtTH": "สะพานสูง",
    "provinceEN": "Bangkok",
    "districtEN": "Saphan Sung",
    "guaranteeMinute": 30
  },
  {
    "provinceTH": "กรุงเทพมหานคร",
    "districtTH": "สัมพันธวงศ์",
    "provinceEN": "Bangkok",
    "districtEN": "Samphanthawong",
    "guaranteeMinute": 30
  },
  {
    "provinceTH": "กรุงเทพมหานคร",
    "districtTH": "สาทร",
    "provinceEN": "Bangkok",
    "districtEN": "Sathon",
    "guaranteeMinute": 30
  },
  {
    "provinceTH": "กรุงเทพมหานคร",
    "districtTH": "สายไหม",
    "provinceEN": "Bangkok",
    "districtEN": "Sai Mai",
    "guaranteeMinute": 30
  },
  {
    "provinceTH": "กรุงเทพมหานคร",
    "districtTH": "หนองแขม",
    "provinceEN": "Bangkok",
    "districtEN": "Nong Khaem",
    "guaranteeMinute": 30
  },
  {
    "provinceTH": "กรุงเทพมหานคร",
    "districtTH": "หนองจอก",
    "provinceEN": "Bangkok",
    "districtEN": "Nong Chok",
    "guaranteeMinute": 30
  },
  {
    "provinceTH": "กรุงเทพมหานคร",
    "districtTH": "หลักสี่",
    "provinceEN": "Bangkok",
    "districtEN": "Lak Si",
    "guaranteeMinute": 30
  },
  {
    "provinceTH": "กรุงเทพมหานคร",
    "districtTH": "ห้วยขวาง",
    "provinceEN": "Bangkok",
    "districtEN": "Huai Khwang",
    "guaranteeMinute": 30
  },
  {
    "provinceTH": "ขอนแก่น",
    "districtTH": "เมืองขอนแก่น",
    "provinceEN": "Khon Kaen",
    "districtEN": "Mueang Khon Kaen",
    "guaranteeMinute": 30
  },
  {
    "provinceTH": "ชลบุรี",
    "districtTH": "บางละมุง",
    "provinceEN": "Chonburi",
    "districtEN": "Bang Lamung",
    "guaranteeMinute": 30
  },
  {
    "provinceTH": "เชียงใหม่",
    "districtTH": "เมืองเชียงใหม่",
    "provinceEN": "Chiang Mai",
    "districtEN": "Mueang Chiang Mai",
    "guaranteeMinute": 30
  },
  {
    "provinceTH": "นครราชสีมา",
    "districtTH": "เมืองนครราชสีมา",
    "provinceEN": "Nakhon Ratchasima",
    "districtEN": "Mueang Nakhon Ratchasima",
    "guaranteeMinute": 30
  },
  {
    "provinceTH": "ภูเก็ต",
    "districtTH": "เมืองภูเก็ต",
    "provinceEN": "Phuket",
    "districtEN": "Mueang Phuket",
    "guaranteeMinute": 30
  },
  {
    "provinceTH": "สงขลา",
    "districtTH": "หาดใหญ่",
    "provinceEN": "Songkhla",
    "districtEN": "Hat Yai",
    "guaranteeMinute": 30
  },
  {
    "provinceTH": "สุราษฎร์ธานี",
    "districtTH": "เกาะสมุย",
    "provinceEN": "Surat Thani",
    "districtEN": "Koh Samui",
    "guaranteeMinute": 30
  },
  {
    "provinceTH": "อุบลราชธานี",
    "districtTH": "เมืองอุบลราชธานี",
    "provinceEN": "Ubon Ratchathani",
    "districtEN": "Mueang Ubon Ratchathani",
    "guaranteeMinute": 30
  }
]
