,A,B,C,D
2000-01-01,1.4001351385787904,1.428754990252099,0.3663884398762559,0.01982728121071586
2000-01-02,0.5544672303731861,1.4177091907794448,1.0938254213548513,0.3886925505818257
2000-01-03,-0.024116698915395807,0.38526386433914617,-0.6930795695145251,-0.16756804967163397
2000-01-04,-0.8720929714199187,-0.48901629032005156,-1.7780693452011924,1.197368612795251
2000-01-05,-0.6398535440385327,-2.1749244012622624,-1.5279530816010667,0.1688629593415656
2000-01-06,0.0754213786164496,-4.8723017899417655,-2.3819201819086717,0.26473480484968936
2000-01-07,0.5906025640211146,-2.520555084451693,-3.4404793519413692,0.27384661049196923
2000-01-08,0.4029072472297477,-2.440756713408788,-3.8008031195367473,-0.7329441164868089
2000-01-09,1.653356226518208,-2.86981604567778,-2.4628069599461293,-1.4370647271702808
2000-01-10,1.0296204575034427,-3.6920296620681343,-3.587496750484062,-0.7887414183438768
2000-01-11,1.3114227398134355,-5.196801403340238,-3.9984138438294563,-1.847318996148104
2000-01-12,1.2822852146881127,-5.127624699215575,-5.131616738504638,-1.8704115364281082
2000-01-13,-0.5689261494160869,-4.555641169539453,-6.689620608657854,-2.9070173937141774
2000-01-14,0.399680802541314,-3.84413076483567,-7.3206213469465276,-4.226381369143434
2000-01-15,0.8073273632025948,-2.5096739024172887,-5.780483107664909,-2.8509067053028563
2000-01-16,1.1365671160719923,-1.5291153000870996,-5.516156669609641,-2.7746890203695784
2000-01-17,0.8890729539690767,-0.2428742790505296,-5.021328424675667,-1.9241882589056596
2000-01-18,1.105041840206834,0.7007435267087369,-5.517326125905046,-2.6502020648126132
2000-01-19,1.29753556439207,0.7395167319936659,-7.1876155749589765,-1.0914371492194508
2000-01-20,1.0017415690422893,-0.3455235561627451,-7.62606469670981,-2.2103935644724255
2000-01-21,0.6135042554375236,-0.7505007665340904,-7.657124825460864,-1.8365922036457984
2000-01-22,0.1380269205455662,0.11108231539757007,-9.24676632354946,-3.3163201323757105
2000-01-23,-1.3739971908500102,-0.11978491738294642,-8.679446070157306,-5.080852282985096
2000-01-24,-1.0571514268614375,0.2521128522670514,-9.673311229733669,-5.212031625107181
2000-01-25,-0.7854852246038576,0.9088920866600535,-7.0589657390528995,-6.046586669079922
2000-01-26,0.16531840233940698,1.4322663414014463,-7.548498137285517,-5.471440473343209
2000-01-27,-0.12239685401656764,1.7832370692428698,-6.738045258440612,-4.8499788863882465
2000-01-28,0.5963804665971675,2.557337975332923,-6.885172402426989,-4.56879149909219
2000-01-29,1.3993284223345888,3.190550516581119,-5.771408883025581,-4.167045097271969
2000-01-30,1.2500063373352532,2.5466101658682696,-4.531839299221222,-3.4903756962989907
2000-01-31,2.368060913836885,3.6488264534898995,-4.7059684325602875,-2.764596790689945
2000-02-01,3.338592107876946,3.5539445002996235,-4.439730160826595,-1.8778613146814498
2000-02-02,2.9471398977888397,3.355230470420972,-4.269907349862606,-2.0091573503051867
2000-02-03,3.376149069794218,2.8548381078618803,-2.977450835052771,-3.2000588777707586
2000-02-04,3.692577500138664,2.3224971203741474,-2.679334337942186,-2.738753872831549
2000-02-05,5.021048687718231,2.0184137688018127,-4.061753508332905,-4.164779419595753
2000-02-06,4.259749675567144,1.6978332935808298,-4.9788587538103455,-3.979595981991212
2000-02-07,4.704629734496978,0.915991620765342,-5.05177235400666,-5.7603262998782
2000-02-08,6.201412218400325,0.5217242396920767,-3.246147913863085,-5.7547848976721925
2000-02-09,7.187536859194886,1.9233510339686444,-2.6659197551912857,-4.034400298421607
2000-02-10,7.045231363022897,2.7258432871446754,-2.8125405170358744,-4.038975411396663
2000-02-11,7.019546888216716,3.239120549123716,-3.5601965156341944,-4.588030145139252
2000-02-12,6.846197174927962,4.831059164385382,-3.1719480127925173,-5.478319061510389
2000-02-13,6.6067762182570435,4.307436068524759,-3.465872278816404,-6.62274932512918
2000-02-14,7.114704991426153,4.031073726270953,-4.190454544739129,-5.689738354876037
2000-02-15,9.444105626183658,3.187748209908951,-5.219081201627256,-5.224277944940033
2000-02-16,10.031782241895646,3.479328381365593,-4.65593821571022,-5.009459077738865
2000-02-17,10.72789388898465,3.170372258121254,-5.838465080574621,-5.812027491282604
2000-02-18,11.065586530179344,3.5939118305938513,-5.12175097500767,-5.124163845139894
2000-02-19,11.701264676163126,2.637686099486366,-3.9134701008196826,-5.1914544014151405
2000-02-20,11.573400758790228,0.9876695481619364,-4.048875315617262,-4.708742625166158
2000-02-21,13.287081807147109,0.22475520340963684,-3.593067151569243,-4.025018532286532
2000-02-22,13.689122107913654,1.2357475832630689,-3.4102632676285713,-5.115060568021338
2000-02-23,13.669133707933634,-1.411096287873411,-1.8574653985152678,-4.890299712230172
2000-02-24,14.968017854630896,-1.5126827106345915,-0.35393189824680915,-4.786696752486134
2000-02-25,14.427218954862365,-1.2883441376149618,0.43523229830233046,-4.880550662953309
2000-02-26,15.794658808160262,0.529632267625713,-0.3270308420573329,-3.3794695487479194
2000-02-27,14.970788459746604,0.8447876956494571,0.21771893920413055,-4.02252603160095
2000-02-28,12.627460104155105,-0.138443275531005,-1.218152521332291,-3.278934487400106
2000-02-29,11.506884937332964,-1.060793063012208,-2.0652070849641353,-3.5497054807666735
2000-03-01,11.903261134548321,-1.5371105071829811,-2.634242421931608,-3.2190051246233597
2000-03-02,11.518858918916642,-1.8706191177574052,-2.870741250417137,-1.989089205492078
2000-03-03,11.966047607506855,-0.8189116312148694,-3.993866649564141,-1.4887410325060257
2000-03-04,11.532624305225037,-2.045757555211402,-3.8613863032250175,-3.316270890595886
2000-03-05,10.714933644326196,-4.7357192172819556,-3.8626438318438074,-4.5048737306719575
2000-03-06,9.788435479553266,-4.1405115662696845,-3.9755002050428767,-3.6798478551855567
2000-03-07,10.614238897431386,-4.778451583949583,-3.732101169189331,-4.417924371712423
2000-03-08,11.847632321722283,-4.359428409958859,-3.338786046319065,-5.452443142812852
2000-03-09,11.202037697729128,-5.171738588301318,-2.2184617286608486,-6.283126335357014
2000-03-10,9.882701289516943,-4.107348115910793,-1.4546811048587585,-5.303667960116077
2000-03-11,9.31660602669496,-5.3463076067687805,-1.733891209804038,-4.71355547985193
2000-03-12,10.362058593059642,-4.308853181112229,-1.4236355270574688,-4.389867491532316
2000-03-13,10.946105318969611,-3.6174344052440333,-0.5561787901183375,-2.7728957295037997
2000-03-14,10.903695767028399,-3.43433617728859,0.0863034724031273,-2.5650020203684236
2000-03-15,11.631667755565129,-4.053464369102147,0.3350107680197107,-2.1156452761032876
2000-03-16,9.208528181603656,-3.7732228124045784,1.62533216764091,-1.9150076328456196
2000-03-17,9.432922304750504,-2.562111577940084,0.40591736619678676,-3.115155371018729
2000-03-18,9.818276044725208,-1.7304522504929056,1.703329298237033,-3.481458009598656
2000-03-19,10.738613449987678,-2.2313465387095555,1.6552709645497685,-3.3531702264928
2000-03-20,10.924545985788184,-2.8744782795201367,3.2045986006595157,-4.558896148436026
2000-03-21,10.680313857408422,-3.33760365723619,1.67652278720188,-5.259384367973052
2000-03-22,10.557646801536281,-4.744724310760189,0.508339414234805,-6.954729888042172
2000-03-23,11.653516542024247,-4.096699475122936,-0.2929788192506254,-7.158014040141961
2000-03-24,11.098402001813156,-3.7115095607185697,-0.6030622767736808,-5.567513043000891
2000-03-25,11.775676949162277,-2.093109098010612,-1.6554832975258253,-5.364335078867991
2000-03-26,11.808900648277945,-3.3696049876569836,-2.3013499904274437,-4.153942115158804
2000-03-27,12.904781530849554,-2.248192383390676,-2.312003158115669,-3.5012123827745754
2000-03-28,11.641485580364236,-3.2589619257955404,-1.1185952223229987,-4.87785379383675
2000-03-29,11.869115553977544,-3.2626574450626764,-0.3197055814265555,-4.41227445715127
2000-03-30,11.729066051030696,-3.7964592499327243,0.10092229153207816,-4.923582939540409
2000-03-31,11.115982287199587,-5.500771482282255,1.1699523472603754,-5.458490030815614
2000-04-01,10.22940522285679,-6.736674143447415,0.769410746898442,-5.9018599415440915
2000-04-02,9.913802067794615,-5.045826816582453,-0.27233687420231856,-3.425119706384076
2000-04-03,9.035716770244983,-3.6719276217303864,-1.6749537186828527,-3.8154608004388875
2000-04-04,9.63497054231865,-2.9300673081826165,-3.0993510806426565,-2.7208210296053164
2000-04-05,9.63077287565571,-1.1151861322433192,-2.481530553587735,-3.276182256437816
2000-04-06,8.714538970498056,-0.3812489624347243,-3.0631779374205914,-4.239841088133679
2000-04-07,8.472291918228752,0.8426160712532355,-5.482126370061749,-5.722580147407495
2000-04-08,7.5170316122443674,-0.8401632817156298,-6.0331125754021375,-5.436138778782071
2000-04-09,6.8776073629353975,-1.6223221476762735,-5.850121666048466,-4.400011925341205
2000-04-10,7.167428337284421,-1.1608402769247528,-6.4334521476063715,-4.9258472644432665
2000-04-11,7.048115956343442,-1.2041332839945516,-5.340780107577746,-5.817374018502138
2000-04-12,7.066801296380108,-0.16156599261525573,-5.808764429849333,-5.526447365233101
2000-04-13,7.800748389606657,0.3922986189780405,-6.197387792111422,-5.192338818217399
2000-04-14,6.7870489917624255,0.1912205763462139,-6.296279683947462,-2.9801717684014464
2000-04-15,6.680791126092348,0.8247402189373362,-5.134021565206154,-3.503970685220339
2000-04-16,6.600126590162761,1.8212115451633841,-5.999526279169779,-2.325796528670079
2000-04-17,4.844156512535005,2.2065683371286786,-5.31553716269387,-1.2310759934676285
2000-04-18,4.995962182844741,1.2185828825945244,-8.308098443260509,-1.29505502711919
2000-04-19,4.323673805355065,0.5297135648577239,-8.997732629797369,-1.4326607761203598
2000-04-20,3.771571638842986,-1.025453865319601,-12.022059974964126,-0.6074218643065672
2000-04-21,4.977392857646598,-1.2690158959079711,-12.883895934098666,-0.934868710892532
2000-04-22,2.453534376063605,-1.7613418008736956,-11.588924778628131,-0.2758630539788358
2000-04-23,2.5643985049857916,-1.020788907057141,-11.572646563312171,0.36328224574219403
2000-04-24,3.3491806946678366,-0.8891864944969717,-10.441272237772527,0.7781657894669691
2000-04-25,3.0166370631046013,-1.5158296224187864,-9.709654405612632,0.06367251808413521
2000-04-26,1.7240395752463225,-0.93344262943379,-10.147696316828519,0.2519209237516026
2000-04-27,2.6403803563998043,0.08976213138030797,-10.64272099721021,0.5652677150069935
2000-04-28,2.654806216142681,0.4107191103516561,-11.254752619266915,1.906940440456518
2000-04-29,1.8838041007761537,-0.12708222042547312,-11.870184033626453,1.6315374724540357
2000-04-30,-0.05820126073975884,-1.4209284471650598,-12.186596572264035,0.22167946695405982
2000-05-01,0.18756461049620485,-2.036779533992319,-10.553441416440263,0.10936515710212978
2000-05-02,1.5194808473509631,-1.9740474486667652,-10.453472664305202,-0.5025741810429725
2000-05-03,0.5742472339487331,-1.9935664770405386,-9.244551845456042,-0.6054871242755444
2000-05-04,0.05935391925463118,-1.962988226596207,-8.575673654368172,0.09965916291219079
2000-05-05,0.7876286370808162,-3.718924121188536,-9.097648710779298,-1.827728301991074
2000-05-06,0.461416159112298,-1.657524440219126,-8.818413009097807,-2.8212786773403793
2000-05-07,0.833253011942624,-0.9028850571365953,-7.118671635734244,-1.851742316259423
2000-05-08,1.9317640339680808,-2.3656115020211432,-7.29732870387454,-0.9123198359026359
2000-05-09,2.3043776091200794,-2.577011434492581,-6.130660788963236,-2.7888895210911677
2000-05-10,1.8510157045766655,-2.5108183579519574,-6.412822043453647,-3.21703511869835
2000-05-11,3.647476353563822,-2.103498467881634,-6.045722185798756,-2.634778459175662
2000-05-12,3.907624098054964,-2.677896322095533,-5.9360408922318255,-5.125033538289932
2000-05-13,3.218093364251319,-0.9015716652998607,-5.9218374461836865,-6.503680964978621
2000-05-14,3.9035135661538654,1.0615219425032947,-5.224393482452193,-5.23246611639118
2000-05-15,4.809590828930775,1.245825182961481,-5.1297721102443825,-5.69621880676994
2000-05-16,3.529334714523478,1.042702611770083,-7.113316143908618,-4.722756160882529
2000-05-17,4.588679222951862,1.3045429933812949,-7.045202080016241,-5.308278762328785
2000-05-18,3.9880421457444544,3.357063980387995,-7.358976669719379,-4.366877290919554
2000-05-19,3.419679127136493,2.656398582567757,-7.228107328903953,-4.209288126820704
2000-05-20,2.5775348110886824,3.9923670313481985,-6.811238886477742,-5.191622028384403
2000-05-21,2.6154873821382205,4.617885473118685,-6.9161429061010375,-4.7427187798149335
2000-05-22,4.144954431986314,4.707716798018479,-8.21733865944828,-4.115546026941011
2000-05-23,5.935590197098596,6.318332991715682,-9.845715373827547,-4.638930246134747
2000-05-24,4.961600331936894,5.158942866392429,-11.424547667984074,-4.469131746971527
2000-05-25,6.4877370322237,5.537080951160898,-11.438664486491819,-4.556592660887294
2000-05-26,7.135657488445357,4.606763681493122,-13.013648145338319,-3.857705389266735
2000-05-27,8.781044089074257,4.848752281383507,-12.072823007295092,-4.779164650266491
2000-05-28,8.693445653906565,4.697723819261301,-12.337770392043119,-6.713573639690149
2000-05-29,8.42842983818724,4.9258228175323024,-12.916930890528846,-5.435606864280758
2000-05-30,8.799075768185737,5.2135352579401335,-11.310871342521278,-6.980375164170577
2000-05-31,9.5536839194,2.4931936469910636,-11.205031722705549,-7.238258939505551
2000-06-01,9.943138528965626,1.231340784175198,-10.840124819637577,-7.554796176062027
2000-06-02,9.143261972424487,-0.7897047734055498,-11.251064123747568,-7.607258498394435
2000-06-03,10.049957722601562,-1.253824953961668,-10.03641196572149,-8.002702821479202
2000-06-04,10.892697669511328,-0.49047332676652755,-10.496513339664048,-7.7698882168452155
2000-06-05,10.763987202189547,-1.310416326746978,-10.001102062154887,-8.307834147517259
2000-06-06,12.264566025549689,-1.2767088482505073,-9.27471845245528,-6.44863488180178
2000-06-07,12.005301439905093,-2.562201558131094,-9.456942343434637,-5.873196777983245
2000-06-08,11.869600977975962,-2.346038582031273,-9.230126982159975,-3.2239681160328884
2000-06-09,12.705463012684431,-3.123761207631043,-8.218644547466024,-3.5974843560504004
2000-06-10,14.042728130851721,-3.253795591900516,-10.407354131029264,-4.797794013138136
2000-06-11,15.124277499073287,-6.092362538271114,-11.71787911803862,-4.808307101051637
2000-06-12,15.186837034059906,-6.3365190357139,-10.571712658209954,-5.343949869115296
2000-06-13,16.593861460620285,-5.685145276810765,-12.04143228603794,-6.355695838698663
2000-06-14,16.56419404047811,-6.1912703952436985,-12.061765874493467,-7.3151603984735125
2000-06-15,16.471250142530895,-6.785926291042842,-12.559272505102564,-7.835109145969415
2000-06-16,15.953689560558443,-8.015782242133948,-15.201730380651787,-8.333249934260813
2000-06-17,17.41339087382849,-9.603093789222587,-14.81543308793008,-8.867385955358916
2000-06-18,16.959790096060228,-10.34864805680877,-13.5918371215133,-9.468800177390046
2000-06-19,18.727947449902587,-10.75719659570918,-14.546404578571144,-8.250706085062538
2000-06-20,19.298989803210393,-10.842452290277569,-16.001302483711257,-8.031896688202261
2000-06-21,19.36597822168661,-10.238010368557767,-17.016420474091404,-6.691390597080202
2000-06-22,19.29746424473023,-12.100854681076555,-14.819871915552813,-7.1889555050491465
2000-06-23,19.781163863527375,-12.2985589354508,-17.753898873570822,-7.911144557988442
2000-06-24,18.059482498466554,-11.921328777311471,-16.747380572252485,-8.244834388336164
2000-06-25,18.376013672048384,-12.295811045028724,-16.788693069891732,-6.646289872002671
2000-06-26,18.279479508374994,-12.346945033717514,-19.01520601574515,-5.986172847007801
2000-06-27,18.180468996526006,-11.848350442737962,-17.146400359849633,-6.885903211257107
2000-06-28,18.53077780092059,-10.438645246112065,-16.993545381240352,-9.17333685613958
2000-06-29,18.999631310220636,-9.186346570613068,-18.331745381723806,-11.330021393245685
2000-06-30,19.521175209744538,-8.88497483234826,-17.834180306111026,-10.363807028720839
2000-07-01,19.744265480747693,-9.142912010907478,-18.438880301549382,-10.645815363122223
2000-07-02,18.898095791544282,-9.112728880478599,-19.323778172208648,-10.325371518940935
2000-07-03,18.923460743190766,-8.265372858091139,-17.86440034108121,-11.53008611810102
2000-07-04,20.124289066754223,-9.016260230306997,-16.70226124238858,-12.355361122589711
2000-07-05,20.40287890236242,-9.257870810977503,-17.5951531324142,-12.63177409654696
2000-07-06,20.60154167454653,-10.09071472754416,-17.06028407630332,-12.615530098472746
2000-07-07,20.871091566005386,-10.32886253402033,-17.074492711405338,-12.113097353562296
2000-07-08,18.880690026774225,-10.79569405824956,-18.443619537551804,-12.675951651356318
2000-07-09,20.45610839949627,-10.82246332223203,-19.08356738505348,-12.677381508189747
2000-07-10,20.83344683948347,-10.022723794390544,-18.332101052709387,-12.189837986624754
2000-07-11,19.955763897934943,-10.777319924386502,-17.61957830482234,-13.04961138886761
2000-07-12,21.153048209617882,-10.98031535190186,-18.571052354690348,-14.69494714786151
2000-07-13,21.352176356523238,-10.054672817034138,-18.08255397299197,-15.92811652210628
2000-07-14,21.019437199856547,-10.77070996072341,-17.690649333407684,-14.710357013621088
2000-07-15,20.689075504000638,-12.141935533407668,-16.091403844675263,-16.014076089313658
2000-07-16,20.26496998661498,-12.640216358662439,-16.615309857644647,-13.888398614630871
2000-07-17,19.880740183861448,-13.094839870825579,-15.606116577466793,-14.200237461762482
2000-07-18,19.50077571086612,-13.577234929988348,-15.100069846832017,-13.971043350381557
2000-07-19,17.810551479496766,-13.927456813343799,-15.134562268595836,-14.732123891298013
2000-07-20,16.722710155242027,-13.377061444232268,-15.812550302074989,-14.273113778270252
2000-07-21,16.431598139646745,-13.662731209313325,-15.963225005738455,-13.518025959970267
2000-07-22,14.385790856648931,-13.466288304669158,-16.002456712762974,-11.904371111281563
2000-07-23,15.207031241611416,-14.242775867528998,-16.659429252617606,-11.304921562997148
2000-07-24,15.763015613755009,-15.546790347052124,-17.13312343577871,-12.775052852389058
2000-07-25,15.949275722089402,-15.044608105990894,-16.268049798343224,-12.255920021819307
2000-07-26,16.214460800001287,-15.713912932740877,-15.399452708409099,-12.426317833146072
2000-07-27,15.82525303845306,-14.858876246783224,-14.133139515271186,-11.77448214280584
2000-07-28,16.78573892797492,-14.079917673155215,-13.803540704382225,-13.623128881342115
2000-07-29,16.441691041082063,-13.271479075780274,-14.535685015717693,-13.82330645167382
2000-07-30,16.870560426058333,-14.13965408983167,-17.26241874451341,-14.745186548550288
2000-07-31,16.814385639539253,-12.948915481068608,-17.22942120507151,-13.86095600770554
2000-08-01,18.75393388436491,-13.497780132873093,-17.53402177129982,-15.320492427641618
2000-08-02,19.744433070797978,-13.24721373480432,-18.363110874018382,-13.546253024464244
2000-08-03,20.403810923155675,-12.156597526211096,-18.345570442206018,-15.322287916054892
2000-08-04,20.16543955399513,-11.26512551012298,-16.517344122286268,-14.001896637748667
2000-08-05,21.50308526368299,-9.457951171669784,-17.568613360733554,-14.531958225189276
2000-08-06,21.28517866465476,-8.959819798880337,-16.618623508367758,-14.435621106094294
2000-08-07,21.552353456399757,-9.911226317339596,-14.80458942049496,-14.204099225207463
2000-08-08,20.968361437908765,-10.551755810037543,-12.552084774589167,-13.745825322218103
2000-08-09,21.70163148814287,-10.85412262714875,-11.931168856498813,-14.483965342920806
2000-08-10,21.46817510170741,-11.11736833661548,-12.991924307017497,-14.820900505530519
2000-08-11,21.262393375814668,-10.522552418341082,-12.46299605094166,-14.80104713308018
2000-08-12,22.19463251809766,-11.223775084765716,-12.929653530050153,-15.909007452729293
2000-08-13,23.09725848860872,-9.946005116046685,-12.641313807923858,-14.845394075180305
2000-08-14,21.247146035538684,-9.88442226771264,-11.62950415569153,-14.147908573340679
2000-08-15,21.338173664605453,-11.446543545206053,-9.648069725385836,-13.840501474890992
2000-08-16,21.19113066609096,-11.809756706694206,-8.448898904242842,-14.296840403466618
2000-08-17,22.147420429162533,-12.609187341496298,-10.91501842952348,-14.83518254856391
2000-08-18,24.559819099133726,-10.99332319546798,-11.025911556038778,-13.698511952420464
2000-08-19,26.18136702668213,-10.581052780303347,-11.085986611189256,-13.338820740828936
2000-08-20,26.997201567687753,-9.705121914895408,-11.362642934169042,-14.221514499617747
2000-08-21,28.00357555682906,-8.07209727793129,-11.204700847565494,-15.000716529073156
2000-08-22,27.82878076411157,-7.9699979625136494,-11.483671762916451,-15.324052380832395
2000-08-23,26.908551308395822,-7.90997229312936,-12.160520454552627,-16.6049575437322
2000-08-24,27.940635916300028,-9.111943161980907,-10.869050239708665,-15.961767910582205
2000-08-25,27.98543778574753,-10.690113095127062,-12.034793150282486,-16.305395650088542
2000-08-26,29.32397757453602,-11.84874893418417,-11.145309440750987,-16.291995234853015
2000-08-27,28.64228111158809,-11.464109926383024,-11.048082700765686,-15.903806581551601
2000-08-28,28.65387229271107,-10.585677533497279,-8.89133782737838,-15.751704678081612
2000-08-29,27.670825740032488,-10.484863242986824,-7.822281021045059,-15.091833582159417
2000-08-30,27.428952806652827,-10.413676970243525,-5.241876679908154,-14.014564112409593
2000-08-31,24.966146968970243,-9.7497798841311,-6.128496094650965,-12.632786053256762
2000-09-01,25.673575255767588,-9.39093557040303,-5.630276649643128,-11.827738616101984
2000-09-02,25.17486527169643,-9.759452606336133,-5.338401097018015,-12.497413266563196
2000-09-03,25.577041288174726,-7.378340040871796,-4.8351803734725545,-12.392659977117418
2000-09-04,25.024595321872177,-8.22545760469496,-4.59691826517268,-12.560840385038336
2000-09-05,25.13482663275271,-6.599702743195919,-4.549814463483483,-12.671921333670833
2000-09-06,24.313625207887238,-5.795795830789097,-3.369917832685476,-11.291567992695157
2000-09-07,23.408579167573972,-4.563195575349194,-3.1034061807047935,-9.76819953379457
2000-09-08,23.56055728833876,-6.2603082687359635,-2.4134599417987435,-11.405213412469609
2000-09-09,22.809991706561906,-5.874583953138874,-0.176046078815423,-11.182474716482647
2000-09-10,22.734122332010582,-5.2372827265270665,0.719370321147161,-11.919826245405792
2000-09-11,23.422877790082417,-6.9395844088988445,3.029627279315362,-14.235182305158812
2000-09-12,24.966171232550984,-7.9460328444125246,1.7703157755342176,-14.805646450700129
2000-09-13,24.110532370299968,-9.311784571652545,1.5413573176031643,-16.07109273561971
2000-09-14,23.325092008652895,-10.26249692809792,0.7348614361650317,-15.735424092879159
2000-09-15,23.49290262963403,-9.180908821508641,-0.17489174327877333,-16.787462714177018
2000-09-16,22.348221963154142,-10.002471161004316,0.06765789553160553,-16.00865171742293
2000-09-17,24.690932291361,-9.751617846354973,0.637024591234471,-16.892333977636017
2000-09-18,22.526147239285113,-10.353202217318808,-0.02394355198621101,-14.767397865509544
2000-09-19,21.58952586255649,-9.720629934168898,0.43192088795541794,-15.732795228743907
2000-09-20,20.66170925828223,-10.514221664908122,0.3859001979026055,-16.812662741803113
2000-09-21,21.556125056936814,-11.815097221835735,0.4191131054124587,-16.667049913474838
2000-09-22,21.080685497965163,-12.282845904451328,1.669113687366874,-17.959957335140206
2000-09-23,21.606018152396572,-13.031232567847592,2.2152295120539502,-15.698921950957116
2000-09-24,21.120960496025518,-15.632327749371786,2.417380710814326,-16.187963591725552
2000-09-25,23.136264942126676,-14.42431919644701,2.9028199798604777,-16.910001152882025
2000-09-26,22.434724295649037,-15.572670609002845,2.4805254125330833,-16.641157439344045
2000-09-27,22.096022209172403,-14.66457003551667,0.3433937369227671,-17.84903471876151
2000-09-28,21.83096811913197,-13.975914840465318,0.46133973667558464,-17.76328553904939
2000-09-29,21.347375249120795,-12.4235992407371,-1.0641983449366825,-16.32709890884055
2000-09-30,21.3924639817082,-12.219530531503846,-2.356350961859358,-16.093284311849448
2000-10-01,22.296519624024015,-10.428017844363477,-3.2932457979383307,-14.77763705445464
2000-10-02,23.95141886147764,-11.66635098312085,-2.4534309581902063,-13.510619544458539
2000-10-03,23.016391427481754,-11.463725457993265,-4.035695092106735,-15.419759360665493
2000-10-04,21.641400439370013,-12.93217284607551,-3.5019978706830206,-16.5977414484947
2000-10-05,20.81729215398224,-13.01538815312065,-3.8323318118465446,-16.80744894175852
2000-10-06,22.81552507296496,-11.535265971459152,-3.1032187969664538,-16.788845354871018
2000-10-07,22.862115004928736,-10.190849705360222,-2.951673839166484,-15.83499863862667
2000-10-08,25.648383576141168,-10.232301217686055,-2.205614212841896,-14.968532015084152
2000-10-09,26.073602127247018,-12.570027457540922,-2.374459775330507,-13.688771587380948
2000-10-10,26.34952346410204,-14.227048668664338,-3.171065827767605,-16.700869535756784
2000-10-11,28.26474343465365,-12.88663819390279,-0.9449897531759355,-17.960562831056755
2000-10-12,26.38445479787745,-13.712182390946692,-2.0906637344343255,-16.514989694768964
2000-10-13,25.76736726056739,-13.54313919557083,-1.462654296816965,-17.216456151095613
2000-10-14,25.754425912637476,-15.195752186343933,-1.6016494940781576,-19.897482374393302
2000-10-15,25.41877071474117,-13.630336284433412,1.0486368016707068,-21.13527237398096
2000-10-16,25.04960261880189,-12.84366200465207,1.2685524590898452,-20.817994751403738
2000-10-17,23.9003208281847,-14.159560195541813,1.8247433288547903,-19.499957233302705
2000-10-18,23.96772449107749,-14.628737322328945,3.7498082949629805,-19.448172186328417
2000-10-19,22.703565301136564,-16.317051206864047,3.5281002122299148,-18.73049261517185
2000-10-20,21.971206663439002,-17.12817150740393,4.334917179752722,-17.9259183193103
2000-10-21,21.755622868729557,-15.45520387527381,2.805024024131967,-17.33555578479274
2000-10-22,22.140730569915146,-17.218242383432617,2.4353003931233212,-17.525122481763137
2000-10-23,23.547734525552137,-19.195773844060337,2.2075363781277253,-19.64113810354776
2000-10-24,24.04846225238204,-19.71221401257335,1.6115520706015767,-19.215900008464367
2000-10-25,22.042354343600216,-20.588487201932814,0.6099910312258936,-19.944069007415038
2000-10-26,21.547898849368337,-19.938514613143713,0.18668595070531457,-20.900057498624278
2000-10-27,21.660665907038783,-20.765826223563224,-0.22823993211946786,-20.06122094863677
2000-10-28,20.951474685425147,-22.839366687486436,-1.8861207924293757,-21.20303393017683
2000-10-29,20.262883221384406,-22.421122036833328,-1.5023863136587754,-21.98459939652385
2000-10-30,20.614489762661353,-23.39334877031964,-2.4459567664622037,-23.241307315714582
2000-10-31,20.287006422521358,-25.115540367792835,-1.4266301176342688,-22.80166788043399
2000-11-01,21.29043965641992,-24.45297205344968,-0.8032234510100407,-24.414075756372057
2000-11-02,20.80266511606496,-23.893084920894726,-2.25112752458367,-25.446172799256793
2000-11-03,21.384564834408973,-24.938041482297706,-1.465515287275335,-24.17324459106715
2000-11-04,22.278993590575833,-24.6672789342357,-2.386570860777331,-25.139708776687495
2000-11-05,23.802380532252865,-26.59493382577203,-3.4860911863379833,-25.57892101923238
2000-11-06,23.04564493011534,-27.873830989339872,-2.151130643598969,-25.1972002780508
2000-11-07,22.735525496034956,-27.62272700147554,-3.518730842876476,-25.1428992478569
2000-11-08,22.275252787042522,-26.153121906862015,-3.798068240138673,-25.190907060965856
2000-11-09,21.477134200978288,-27.114588109949402,-3.5993633244160073,-24.622485571231795
2000-11-10,22.105237673808592,-26.921567497052703,-3.558604789367923,-25.02545717865837
2000-11-11,22.53808675433863,-27.296619880567054,-3.1823125062655766,-26.472953327643314
2000-11-12,22.327543559058977,-28.304555600989833,-2.964583882837072,-26.200203873360003
2000-11-13,21.183282203305126,-28.834040004894703,-2.8325677713312447,-26.29111606983074
2000-11-14,19.33279846375235,-30.790012516249426,-1.5763857155795662,-27.06041613945289
2000-11-15,20.77753123507359,-30.823150002421006,-0.42494803858674923,-27.59464701753677
2000-11-16,20.014507274073182,-30.97482588324414,0.26694155879981585,-27.75269080446933
2000-11-17,18.41702407449358,-32.60445723603542,-1.1686494959061953,-27.089395270527586
2000-11-18,17.87019230619981,-34.33627234611271,-0.23458375952014077,-27.103531582946093
2000-11-19,16.26259492886631,-33.13472936665491,-0.2655056661320055,-27.334849728993277
2000-11-20,17.51278483039625,-32.46458876397647,-0.14543863196660825,-26.707564141299585
2000-11-21,16.961493931401936,-31.633649836400092,0.024834572213631806,-24.560137947233358
2000-11-22,16.129914239625425,-32.07381903194699,1.3623956012597935,-22.74531436203945
2000-11-23,16.30363681152179,-32.68469390036745,1.5237436248878375,-22.732246740107303
2000-11-24,14.648443335209567,-32.0844360965222,1.6578579547362842,-21.777137416405182
2000-11-25,15.612779468774749,-32.0197856191334,1.7767910838181418,-21.80160223946153
2000-11-26,13.495066309104795,-30.622004364247985,1.7300249897766244,-22.535429993223783
2000-11-27,13.096484856264794,-30.342380129094554,3.0134817961808027,-23.100235444076468
2000-11-28,12.429224236443572,-29.99489939503456,3.018106527775315,-23.89589727795407
2000-11-29,13.547004291482835,-30.593456785191744,2.878436161680329,-24.499018129938793
2000-11-30,14.59197648296397,-32.40316843015403,4.053248586338961,-22.54225660538004
2000-12-01,13.573732944362895,-31.283396029645726,3.680637551036214,-22.011987858731604
2000-12-02,13.453886176018518,-30.566414296175502,3.9460458361406063,-22.011631380945527
2000-12-03,12.747390237497044,-31.006221785647938,3.4110406449285096,-22.784255566628197
2000-12-04,11.898138596071256,-30.36764521190917,3.3821689498743135,-25.09472312684214
2000-12-05,13.936763258359617,-31.06765917462906,3.6777161830032417,-24.896262904972595
2000-12-06,14.352857277210953,-30.71063496171864,3.694310790202781,-25.504180325379583
2000-12-07,15.163766475444225,-31.22658890076913,3.1592532608096304,-25.692434282112554
2000-12-08,14.321002719023753,-31.319665040715503,3.5803370156154664,-24.44453311472702
2000-12-09,12.813357986493507,-31.24152479860585,4.408205046240177,-25.528295506866435
2000-12-10,11.915156037416322,-31.677936767751174,4.917622414314896,-26.17516109154882
2000-12-11,12.881188735253557,-33.62671243050121,4.326292172923667,-27.057638146460626
2000-12-12,11.559004017217504,-32.36798355841152,4.378124058710383,-26.07687515723046
2000-12-13,12.273154255338833,-33.63540553812754,3.089540900092633,-27.64543718709585
2000-12-14,12.019156341961324,-33.91792150448545,3.0586700558390936,-26.76177777462037
2000-12-15,10.580581225027018,-34.99931161365604,1.789004167991515,-27.560683361594645
2000-12-16,10.468805750200259,-33.50168498121867,2.8030065494526437,-27.932903246119185
2000-12-17,10.807031459189256,-33.24081378243473,3.1543116278600123,-26.706452991003378
2000-12-18,12.374967151845942,-31.23940682622256,4.52877485154265,-27.57886668984027
2000-12-19,13.562173939578829,-29.680211715291183,5.197075895833516,-26.94698470665778
2000-12-20,14.299697707604315,-30.785560005447945,5.107982339167439,-28.703185605732074
2000-12-21,13.97297518121517,-31.659715075984806,7.152419346838378,-27.957018253115628
2000-12-22,15.737715148432363,-31.010660191819188,7.301195744419549,-26.55512511133564
2000-12-23,15.466187270197892,-31.489687531696674,7.651459611626068,-26.46542914633431
2000-12-24,15.801144315517261,-30.773014995679233,7.0623667902127965,-28.402620788039243
2000-12-25,15.725844933641028,-30.35164927944039,7.379397922195708,-27.91636305543193
2000-12-26,16.59925135832683,-29.033081663235265,8.430030183844346,-27.014306740617666
2000-12-27,16.637314075084227,-28.850406020401827,8.389661411846458,-26.78459087428962
2000-12-28,16.818042459492798,-28.17265738082343,8.436876302257717,-26.885808977039975
2000-12-29,17.133536372404084,-28.985940524018684,8.486556911559129,-27.567530590164836
2000-12-30,18.136403065481232,-28.362545632156692,7.285430997439031,-27.93049083145505
2000-12-31,20.39221543932912,-29.295068781908284,6.199711081520077,-26.302844734312195
2001-01-01,19.319643475338303,-29.962667816351434,7.5085688949648945,-27.060770172009615
2001-01-02,18.648993076787566,-30.80823406024217,7.209335016878573,-29.230688451043385
2001-01-03,18.988809437370424,-31.01535892974913,8.71355123058547,-29.175381251735786
2001-01-04,20.296793631411404,-29.95515209386226,8.751051847522467,-28.968998355696733
2001-01-05,21.257243425260743,-31.36115088634426,10.736943148212958,-27.93340343183855
2001-01-06,21.197934077051396,-32.65030406048956,9.792697702888828,-25.00794607603299
2001-01-07,20.846804434945124,-33.84128860870269,9.547229482378173,-24.528228597775524
2001-01-08,20.480953478996792,-35.46714302565676,9.995879476072167,-25.380079317324686
2001-01-09,20.45946494808707,-35.55868395261886,10.755204482480323,-25.013385857136807
2001-01-10,21.438907696923206,-34.73594037905928,12.640240542347245,-25.577674285122797
2001-01-11,22.21573901211224,-35.942007957494376,13.922626590113488,-26.18707835299795
2001-01-12,22.245053987298697,-34.68690351076498,15.674382673976526,-25.505919722801647
2001-01-13,21.174268520092596,-35.71941155502173,15.321669943574769,-27.26991383369718
2001-01-14,21.130947664659345,-35.058376841334926,15.307045949320106,-26.776702802179276
2001-01-15,21.690193148563267,-33.72297219307134,15.932854296938565,-28.0611328239698
2001-01-16,22.261868959203888,-32.58040055450059,15.370320942580419,-28.011983652432573
2001-01-17,21.51701637272649,-32.765694811886924,15.939413712790728,-27.529415219079773
2001-01-18,22.337717900202687,-31.798296078772573,15.542164942804845,-27.90423984030472
2001-01-19,21.825391765828414,-31.796925468102362,16.724316331043436,-29.256108330040643
2001-01-20,21.18785434114715,-31.992006335065142,17.731430402271023,-31.216475272545786
2001-01-21,23.22446964972842,-32.82832009784517,18.130649359917225,-30.691274804092547
2001-01-22,24.28576250822883,-33.2754235920104,17.824622121765394,-30.840162484867243
2001-01-23,23.708133235887114,-32.84700750727404,17.54104453073431,-31.467031822453386
2001-01-24,25.636990654584316,-33.756576519344485,17.59319638657186,-32.8896003159569
2001-01-25,25.77251291833192,-33.78999085825608,16.377602334725633,-31.439137765235
2001-01-26,26.878767105716317,-33.193928768066854,15.730376837512948,-31.24667332712371
2001-01-27,26.552177647418866,-32.83515523632407,14.415218978913503,-28.73732630880547
2001-01-28,24.067189658246313,-32.17649833655312,14.531700461366228,-29.115861330368226
2001-01-29,24.812166929423505,-32.29225418663685,15.56977477729389,-29.773067907125018
2001-01-30,25.035701564162682,-29.608974399858564,15.843947176422734,-30.766336545471695
2001-01-31,25.875232416271274,-28.575432667303293,15.592698017297858,-28.026062268509037
2001-02-01,25.570433542348667,-27.61517626568573,15.748897291688817,-27.571333941715704
2001-02-02,25.898352492405596,-27.417865788513296,14.005769668119322,-26.292354840469113
2001-02-03,24.605012834795936,-27.293220867893318,11.877669441524407,-27.66971332147925
2001-02-04,24.239699555547062,-27.137389654805624,10.97313162388809,-28.31064170399018
2001-02-05,25.484490204435193,-26.799500998152357,11.570128724115442,-26.95060404169689
2001-02-06,22.905995501730082,-25.55816640865396,11.000907075041685,-27.310195215283663
2001-02-07,22.69728853576201,-24.91974840803075,11.851365766451272,-27.478526395841005
2001-02-08,22.293797369026112,-26.579655602669327,12.767842290010957,-26.537291375755835
2001-02-09,22.794274037580784,-26.317981501810788,12.107202250266766,-28.8408995875442
2001-02-10,22.963541346419856,-25.328150346758726,12.1666484561999,-30.527726937887888
2001-02-11,22.83704950832153,-24.73320532300007,13.158529269305122,-31.94732077575786
2001-02-12,23.935088614143776,-25.113877482056413,12.082952786536339,-32.432263996134964
2001-02-13,23.805094998292446,-25.538830425568893,11.125793867184182,-32.55488582201412
2001-02-14,23.458447276126687,-25.100621259216283,8.53224941264981,-32.76827937720167
2001-02-15,23.909133608023875,-25.471777970202652,8.206149129340728,-33.408434852235864
2001-02-16,24.802209236065625,-26.745078936639175,7.746636994629031,-35.0700732241791
2001-02-17,24.940086472452496,-27.017958337530306,11.287852087955457,-35.61531508512325
2001-02-18,24.722987711868523,-26.199229932477035,10.322376067071433,-36.94859606724878
2001-02-19,22.25902861669631,-27.440863380074944,11.174863091387218,-37.56282041788984
2001-02-20,21.89810237763946,-26.211126319725555,12.495391584223453,-37.0752354664544
2001-02-21,23.69993505282296,-26.8258051711015,12.122344886932831,-37.87522523825512
2001-02-22,23.201248516662645,-26.967213599397557,13.890615101451564,-38.671531748189395
2001-02-23,25.663648155099974,-27.08714059505025,13.17003331779513,-38.559053331661026
2001-02-24,25.995931032598357,-26.609467219916333,12.026868706860304,-38.16067782455058
2001-02-25,27.501334343088917,-26.937205626660663,12.116479082741641,-36.86137861695794
2001-02-26,27.84658244305107,-28.37079974606735,12.594469983313259,-37.05609543591444
2001-02-27,28.14372143933378,-28.137004581783142,12.28895535046071,-36.69371326930926
2001-02-28,26.15785877788888,-25.846122057312282,13.458453990756178,-37.72904499661082
2001-03-01,26.1278949452552,-26.20374575046282,14.79309743472447,-38.310793708920635
2001-03-02,26.32632910618379,-24.014070103190104,14.316452157035531,-37.84365236325115
2001-03-03,26.38666930599106,-22.924074576387923,15.38240680792338,-38.2741675489573
2001-03-04,25.198812346568864,-23.772392179776336,15.113984456845145,-38.47186207217456
2001-03-05,26.365496627808756,-23.701689678281028,13.595691822618162,-38.25702489962824
2001-03-06,27.01139078445857,-23.93462226468843,14.928982140565294,-40.9012332177544
2001-03-07,26.80249852369387,-24.221666208034886,13.507921701527664,-42.03836707828861
2001-03-08,26.889098824381104,-24.776095556877316,13.572349852237881,-40.99386411833413
2001-03-09,27.698721753400573,-23.203674957289586,15.153128092243564,-41.353732673203105
2001-03-10,27.444785547352637,-22.934665959594742,17.15811340963871,-42.09506693460485
2001-03-11,26.03609148177449,-24.414575137853014,17.67814884045028,-45.05450565367109
2001-03-12,26.67286036840257,-24.032145083653948,18.582610511330948,-45.50743730015186
2001-03-13,26.928712248215984,-25.171144500240853,17.806480656765984,-45.45726083058405
2001-03-14,27.444647302623938,-25.012696919788116,15.07265788178409,-44.55464353430359
2001-03-15,27.672112996395068,-22.46438148945802,14.56780228475634,-44.244777378543596
2001-03-16,27.954096132176414,-24.594306825792568,15.237999368869191,-44.27364819907988
2001-03-17,29.458510314542536,-24.704618387312717,15.92269571485788,-44.36932856905663
2001-03-18,29.02583229527326,-23.614837985592814,15.649760697185926,-43.040321314969546
2001-03-19,30.227161613794546,-22.79797172614272,17.159435266966586,-42.47455988135076
2001-03-20,29.894775550541514,-22.008231267423447,17.903987732220184,-42.75447454166191
2001-03-21,29.36336483390466,-21.934133301177877,17.625136404741866,-43.30580488062774
2001-03-22,29.293202261755148,-20.317577289689417,17.410522557410925,-43.16872692198603
2001-03-23,29.097366556167316,-22.244124030200112,16.32032203557036,-42.19690619049989
2001-03-24,29.544457107822005,-21.377073212555388,15.752529378387678,-41.27313929513539
2001-03-25,28.589868340672965,-20.95755599916809,15.019201541964295,-41.45611626170699
2001-03-26,29.706941958418422,-20.18538909567901,14.0025686835085,-42.81893969217402
2001-03-27,29.942970296629767,-19.65526339627696,13.566267453483176,-43.71906862156968
2001-03-28,29.078821946918808,-18.94560656528904,14.146572426112808,-44.764588053896496
2001-03-29,30.821116092240786,-20.593686694632822,14.57038716436857,-45.55145958634414
2001-03-30,31.59631873276136,-20.02310908397435,14.33314282781348,-45.31397846062843
2001-03-31,30.777815181177324,-18.99790110030792,14.217154303964229,-43.255152368703186
2001-04-01,29.715087110991547,-19.24323994938582,15.022713493145071,-43.01802677511745
2001-04-02,30.9129584962604,-18.87011902961824,15.976363647976617,-42.18876513744401
2001-04-03,30.421356753279746,-19.060291413281128,16.0588019445089,-42.338110996404566
2001-04-04,30.5920515572986,-18.28320668602111,16.89957209235294,-41.769112438533334
2001-04-05,30.31937493860708,-18.940312924297995,16.990955325772568,-39.88663147385766
2001-04-06,30.549392067620374,-19.920549245668948,16.25804827678418,-38.71896260715936
2001-04-07,30.212202337032465,-21.100069514514775,15.714187348210354,-38.005971173056246
2001-04-08,30.560881915916482,-19.82814641062267,15.15397539131093,-37.50707333762764
2001-04-09,30.826966490751857,-19.062256164228934,14.98828139654363,-37.143090177730755
2001-04-10,28.90697336377191,-19.66884534897057,16.153098688033086,-37.210551938572465
2001-04-11,30.096564093078037,-19.73560047560803,16.644231534835143,-35.903936741370515
2001-04-12,28.59624575719991,-19.46769743709269,16.594754303826768,-35.33803634627354
2001-04-13,28.50493569722469,-18.837966505081326,19.259710633417757,-34.62870606700273
2001-04-14,28.51352461804645,-18.190151947167678,21.22652453046054,-33.7193642364526
2001-04-15,31.32284406951635,-17.41801871137397,19.315862721665717,-34.232243223305105
2001-04-16,30.54228849721873,-18.227829328803615,19.142132834810266,-31.82987594343148
2001-04-17,28.563720271773825,-20.153550345584087,19.085453404186747,-32.796874740777284
2001-04-18,27.790613453141866,-19.707968311765875,16.58799675741712,-33.45660287977986
2001-04-19,27.571245827392957,-20.0171410127829,17.34060749460699,-33.43682658666914
2001-04-20,28.03369975135969,-20.912514251733402,18.434050086788623,-33.88733953220487
2001-04-21,26.870889674516555,-20.360886004793382,18.112650182148087,-35.107006072348824
2001-04-22,26.884464709703224,-21.24114695419403,18.551783011794935,-34.70990043368763
2001-04-23,28.287226025801132,-20.369909024646013,18.517828164570687,-34.92027945011821
2001-04-24,27.148687920186184,-20.558365046975915,17.163038720076365,-34.03945015707696
2001-04-25,26.245970817498513,-21.578284251057006,18.422949448562694,-34.89236421802593
2001-04-26,27.74500684144306,-20.35854964673372,19.524126084552805,-33.40172488899329
2001-04-27,27.28092408427085,-20.712844467726935,20.03730727400857,-33.26286363489269
2001-04-28,27.2799904311739,-20.059800251817872,21.841706370772837,-34.65412401670043
2001-04-29,26.02525159353162,-20.44510492789081,21.11988911089865,-35.19863958131634
2001-04-30,25.76683325649234,-19.753012983146103,21.751162569467056,-35.46358086415331
2001-05-01,23.969906935544728,-20.207016569896762,23.082819900607056,-36.11885119141836
2001-05-02,23.292156197521912,-19.187523461248887,21.301227260954334,-37.200290159293054
2001-05-03,22.84412399953887,-17.95118827502604,22.09468912063286,-35.505517490501745
2001-05-04,24.014686271570124,-20.050877196097865,22.582372512064676,-36.771800472633466
2001-05-05,23.371759095325935,-20.00318871690286,21.217460603836194,-37.566311754125344
2001-05-06,24.010405767840385,-21.444246799681352,20.23069940994713,-38.24306106074752
2001-05-07,24.194683144375556,-21.392518293061336,20.41063385985749,-38.184870417595185
2001-05-08,24.564212289005038,-21.020048482069967,19.796517017130096,-36.92056251394969
2001-05-09,25.299165886988185,-21.093900229439143,22.170865710436345,-35.90095621791511
2001-05-10,26.544400504561743,-20.18954691082664,23.27960320476171,-36.55485819363337
2001-05-11,27.20953991707163,-20.424166544928106,22.134210141320228,-37.51941175470448
2001-05-12,26.556757121287028,-18.322640054343207,21.88674194642018,-37.40899685068758
2001-05-13,27.16130571070414,-18.882298327231396,22.876721034724092,-37.98600092343087
2001-05-14,27.98310909513611,-19.781470001835807,23.249490962425185,-38.00852503101994
2001-05-15,28.07606949870539,-20.265025235480802,23.30347372457393,-37.47765321583676
2001-05-16,26.185656024262027,-22.165686227002574,22.389827631460886,-39.24454581647008
2001-05-17,26.482857948378545,-22.2026043104143,22.768206344581163,-39.01586009829995
2001-05-18,26.180180062493882,-21.49209082938291,22.620220463621106,-39.05727991046478
2001-05-19,28.009017263925234,-21.032135619259567,23.44248848910257,-39.535000476719965
2001-05-20,29.05594526499982,-21.032331841233333,24.174534164463545,-37.788057350462466
2001-05-21,28.232670230858638,-22.06064084736735,22.651380037432524,-37.16193416777642
2001-05-22,28.3231815114737,-22.025949355531665,22.358457013346236,-37.145350736349656
2001-05-23,29.873533060221874,-22.732771693246374,21.699503811268332,-38.174148139571344
2001-05-24,30.014663131821386,-22.68064630987791,20.949603517501036,-37.94406417556011
2001-05-25,29.90288395467445,-22.24676840205664,20.012096447959955,-38.34143667775064
2001-05-26,29.146735033583816,-20.609255709387945,21.959014294014967,-37.40009967931017
2001-05-27,28.060261686440043,-19.162045598257958,22.90177376031097,-36.48733192555078
2001-05-28,29.069665401852554,-17.199515537969898,21.483134009808058,-35.792115106059136
2001-05-29,27.111179335046664,-16.939475676765095,19.666246858662856,-36.74714285428351
2001-05-30,27.75884817547846,-16.217610867594136,19.575624284491965,-37.88811689870624
2001-05-31,28.117880662716292,-16.772895858009377,19.88123137690196,-38.448044917882505
2001-06-01,27.52593636897467,-16.761619966838303,19.31904582275548,-38.22737539208092
2001-06-02,26.770430177466423,-17.09025828246468,18.23014582792495,-36.723968558805154
2001-06-03,26.906606712394566,-17.712683137095173,16.612294314980314,-36.436440444150264
2001-06-04,26.95645467662093,-19.244273046247006,17.197028875314288,-36.37097167732869
2001-06-05,25.004981412497244,-20.898222071890093,16.63827032418306,-38.24863154291088
2001-06-06,24.453690035562452,-21.0119345188894,16.99319716252297,-38.10894460599003
2001-06-07,23.75696123185345,-19.93381794123484,15.740016424501487,-36.83633682673758
2001-06-08,22.256144372369715,-18.586300053656874,15.89767380969567,-36.679052807653804
2001-06-09,23.052841990859537,-18.396451962216368,15.068288500584849,-36.38254580346263
2001-06-10,24.361403393223032,-16.946965233025107,13.371777443540697,-37.020451798693884
2001-06-11,24.089274460452124,-16.268204874995657,14.040401433408112,-36.14414751274424
2001-06-12,24.16772992381087,-15.185896541116234,16.333677556606727,-35.56498284240877
2001-06-13,23.748875876374775,-14.536690417368424,16.55585150051925,-33.84488954101938
2001-06-14,24.633292205694374,-13.699298705678027,16.646292508385823,-32.611766494647064
2001-06-15,24.320133224821955,-13.669749469616377,16.2597428356844,-31.831842710217177
2001-06-16,23.55303184268169,-13.702255496647986,17.061860405854407,-31.49665258729684
2001-06-17,24.31321628025913,-13.563876948753894,16.65481863615659,-31.48186123362734
2001-06-18,24.588016772345703,-14.340137390505399,15.016591459988915,-28.822527751266907
2001-06-19,23.535733475274803,-14.433644001736514,16.02213953439236,-27.754292042244266
2001-06-20,23.88275189029337,-14.151808626142085,16.15606321786766,-26.679609081448497
2001-06-21,24.52420169019549,-14.055256050513416,15.807755417099601,-25.123930558409572
2001-06-22,24.60537041926919,-14.234487205628644,13.446315121790978,-25.53499478115247
2001-06-23,25.387806752163904,-13.832315722433414,15.048174426116168,-24.64286855437425
2001-06-24,24.522321453164775,-14.207695699090811,15.809240025750544,-24.117902405337563
2001-06-25,27.013756856996867,-14.590450479221142,14.742198355794915,-24.687282852739692
2001-06-26,26.50622890041978,-14.024263418139366,13.732782282515286,-25.851648748945426
2001-06-27,25.569688486972364,-13.509557479238229,12.577677189014098,-26.710378627843475
2001-06-28,27.29968995863925,-11.859493203906812,11.97527872089391,-27.431357457978716
2001-06-29,27.590806307619932,-12.682245986697843,11.909304903158525,-28.63383012620084
2001-06-30,27.851337943400353,-12.464704688463225,10.127205949897983,-27.093687407629908
2001-07-01,27.896231134275105,-13.805651149199077,10.889331928783324,-26.521702353613165
2001-07-02,27.623170010994563,-14.42048028556192,11.835875789940548,-28.232444696857748
2001-07-03,26.108125133686507,-13.924832329952604,9.872401369352637,-29.12390954165215
2001-07-04,24.61031004486383,-11.88166504441625,11.36526781686472,-27.52256266967501
2001-07-05,24.111404050579733,-10.544947284001658,8.853934423845756,-27.163882274356055
2001-07-06,23.099726046931185,-10.057888355268418,8.333043672328449,-27.752613915319902
2001-07-07,21.38144481456252,-11.150650403857863,9.23055188575496,-26.328963926675325
2001-07-08,20.223175925871132,-10.645310328563129,9.078117779284232,-26.161107318341802
2001-07-09,19.765045956556996,-10.885129086556066,6.244897202449733,-26.422064829348145
2001-07-10,20.26620029275012,-11.353107605244025,7.284806968080892,-26.449882126488532
2001-07-11,20.338209279475397,-10.412070654603433,7.74788459382829,-25.33580033254593
2001-07-12,19.640467212281035,-10.26536787108806,6.2271818585194865,-25.99854461673676
2001-07-13,18.661338316532014,-8.805877520482221,5.1241106126044285,-26.50834937119876
2001-07-14,18.537391214410015,-7.675984444391041,4.259703855703892,-26.86940053116618
2001-07-15,17.986482115090688,-7.155679933327849,3.160463679555513,-25.84936610964246
2001-07-16,17.962756875845958,-6.879104132621908,3.3052477918626986,-25.479583832086355
2001-07-17,17.12218370212346,-5.037750008129726,2.805172896120343,-26.7680594821756
2001-07-18,17.156284083871984,-4.535045070309483,2.3671995177191087,-25.352008375155442
2001-07-19,17.36273915467292,-3.4250237150496328,1.1766740942680125,-27.70061408916562
2001-07-20,16.895403788134914,-2.5180297791148925,0.36501403273799204,-27.734781024329074
2001-07-21,15.445167083833448,-3.0798671845414916,1.3421661372434908,-25.961410650345506
2001-07-22,14.773535241276793,-3.486598062132604,0.47279116260303333,-26.853442251721166
2001-07-23,15.871923331672662,-3.0999090280329518,1.9749868243888162,-28.344996735529865
2001-07-24,15.2302626987004,-3.7189577943447736,1.84142300085885,-28.455456025437158
2001-07-25,15.087917464802215,-3.370879467948616,2.0167670756812903,-28.950453756863435
2001-07-26,14.009187053509109,-4.068005955194862,2.1648836642772697,-28.46457047341345
2001-07-27,15.60197662690024,-3.6850841356889577,1.5153415484112478,-27.162732480985927
2001-07-28,15.920509244241854,-4.4625316220427695,2.706924307573524,-28.144331075993126
2001-07-29,15.711234230076748,-3.370751888894354,1.6857552956699453,-27.124313520045128
2001-07-30,15.195239969792421,-3.892340785003827,1.2312089082456503,-25.91853810378838
2001-07-31,15.862410912193468,-3.6578395560833785,0.17610024297573457,-24.59425631087937
2001-08-01,15.301380756999654,-2.9239077231625656,-0.24027434097682943,-25.563939672013955
2001-08-02,15.913868754796146,-2.336994981593324,0.5532957865948412,-25.259185502825737
2001-08-03,16.05287510676597,-2.2544720154779356,0.6189239281914576,-25.70038427986756
2001-08-04,17.296363200441522,-2.0522591497533584,0.9998439044504761,-26.58934615738579
2001-08-05,19.375433825105162,-1.4805945033878627,0.5218204950826354,-26.501166106618985
2001-08-06,19.03224042872625,-0.9545366486428797,1.68004187172256,-26.370807228642086
2001-08-07,20.06935468866824,-0.5980349499294974,0.613058927347252,-26.180621774219894
2001-08-08,19.929110501491046,-0.4586251052893717,1.0779917589703205,-25.956589232636496
2001-08-09,20.2031839088586,1.9843982844313965,0.6563415547960219,-25.52281112927205
2001-08-10,22.3706235298246,2.6541828174239477,0.03328517681307619,-26.130344814305257
2001-08-11,22.850942472261508,3.2262076669306663,-1.753919886434761,-26.76736675519553
2001-08-12,23.017952684645277,3.052932293804523,-1.5260658389650403,-28.67418338426011
2001-08-13,24.441817112363065,3.201987640893812,-2.1975519707857294,-27.43061712805036
2001-08-14,24.164799462546124,3.3621224378258687,-2.9072650695613524,-26.164817294009584
2001-08-15,25.128254337675536,2.429678809488034,-4.136943357481131,-26.3895623689435
2001-08-16,25.172734220219066,1.3621994103288053,-3.7817656781680213,-27.32467754526328
2001-08-17,27.670136333455176,0.26440039124775616,-4.119629820222797,-26.584519776425097
2001-08-18,26.124895549599515,0.0072704282564034495,-6.010999463743192,-26.932342794245184
2001-08-19,26.27082983959124,-0.27427845208054186,-5.338126455937205,-26.22967812982379
2001-08-20,26.832666666055854,-0.8698783145825943,-4.33834117940557,-26.83427542584964
2001-08-21,27.494415771608658,-2.347951508732919,-4.653686957901654,-26.94939902629922
2001-08-22,28.10713516067755,-4.287264479075333,-4.547651401415157,-25.566544084609788
2001-08-23,27.94570873066675,-3.654780207373162,-4.301918363740023,-25.060709595515753
2001-08-24,27.488890237907565,-3.784418779910703,-4.509290014041573,-25.294603338261012
2001-08-25,27.896171743318778,-2.445175643396888,-3.3115668597123653,-24.600245650959323
2001-08-26,29.241336442482858,-0.9974852901969675,-3.5965006802327473,-24.16679873034585
2001-08-27,29.736009919352746,-0.6531403290396447,-3.8658069661040075,-23.25051321849593
2001-08-28,31.33663371859643,-0.6916396584707776,-4.238450071735308,-23.701012408619757
2001-08-29,31.562271540018646,-1.6095974073069366,-3.548202852858143,-22.92385432637032
2001-08-30,31.369354482689204,-1.2240807755425662,-2.7172470848376804,-22.934147049935063
2001-08-31,31.134741836279726,-1.358156794937415,-3.0610165429010054,-22.48447249934084
2001-09-01,32.63427837414323,-3.515140579386279,-1.6463150380183826,-22.55586981229242
2001-09-02,32.13067858257891,-3.0558342007668533,-3.089411524576891,-20.934143071838523
2001-09-03,32.50112241270507,-3.5841292696320552,-3.117610755103056,-21.87609460403705
2001-09-04,33.27689142145958,-2.710357679830035,-2.699399221292144,-20.58883765650529
2001-09-05,34.388378083227764,-2.199908460243922,-2.4815352728839013,-19.911689259996244
2001-09-06,36.69898724151621,-1.7497926580413998,-2.5434281652504023,-19.708321670776076
2001-09-07,36.15936796810971,-0.4321639129166286,-2.629318711217602,-18.555393670854972
2001-09-08,36.00116676582472,-1.2657863622900396,-1.928569949998876,-17.882346151691372
2001-09-09,35.632854526545806,-0.8511294952127815,-2.1543176500608348,-18.02300299207709
2001-09-10,33.94191895188094,-1.3199375282809145,-1.5188675431108751,-16.88564443462223
2001-09-11,34.081840999681106,-1.384686232099972,-0.12280842748875842,-16.56647278680395
2001-09-12,34.07355031123299,-1.4100313792877928,2.5723205653514745,-18.129990637577098
2001-09-13,34.62506429239172,-2.3751566442389995,3.0401984835523326,-17.23710388419318
2001-09-14,33.40753811128009,-2.9940392431235607,3.4619185812294155,-14.660010999089323
2001-09-15,34.77050672915571,-5.8176345632909,3.431300040004437,-15.663358953578772
2001-09-16,34.033344592481996,-6.379506229685612,3.24914674488068,-17.706079691733976
2001-09-17,33.51086309840151,-5.94971807011516,4.0354772147737625,-18.127663016365204
2001-09-18,33.27119548162167,-6.140770547093483,5.664694282604893,-18.033427023615996
2001-09-19,31.760032340808493,-7.4825102968120625,6.303036297990148,-18.14821932292861
2001-09-20,31.483798517231573,-7.378601125101659,7.376267600904921,-17.93906835322314
2001-09-21,32.294827606643366,-7.043212186593255,6.883398802840675,-18.77436199741667
2001-09-22,31.97596215812834,-5.778592597154763,7.033558943624177,-19.373355999199507
2001-09-23,31.981107224426538,-6.325376474191236,8.289542578156667,-19.500230735296103
2001-09-24,33.60119859596563,-6.885686228274583,8.887594418480736,-19.07186909663252
2001-09-25,35.123592037220824,-6.096222557159578,7.944118087147322,-18.136471416789263
2001-09-26,34.17928897730486,-8.096580221360723,7.877576759638513,-17.631172846945834
2001-09-27,32.85323612545316,-7.35295528223292,7.672937897051687,-17.073299678859804
2001-09-28,32.84080973625212,-9.031249731245316,6.120185512672359,-17.550171642194535
2001-09-29,34.30231205506072,-9.36230174733068,5.122905130160298,-16.766517410146115
2001-09-30,34.750732934676805,-8.680467263940034,5.695904720424869,-17.602264181688536
2001-10-01,33.92864948091226,-7.695924016783408,6.035545205858447,-17.3073510521355
2001-10-02,33.80360803312514,-7.902371492151091,4.8488035960927185,-17.860917089223847
2001-10-03,33.54654345236297,-8.049239132817052,4.046422093148966,-17.34718587605727
2001-10-04,33.14542242125159,-10.300845567256518,4.021785715349135,-16.511315527239105
2001-10-05,33.491499984936,-9.116408430839982,2.2758700535861025,-17.66322265859685
2001-10-06,32.83546750674239,-9.52739416218837,1.9641817270534627,-17.38514912508202
2001-10-07,33.458301239321074,-9.858303462502356,2.2990376365688885,-19.436542244298405
2001-10-08,31.958851700635,-10.777376525083824,1.5086964566358503,-19.31896504401851
2001-10-09,32.488297474498225,-10.221974358464491,2.881007441359693,-19.22962803607866
2001-10-10,32.67968291271511,-12.527331569663387,3.477508562424343,-18.797653781592906
2001-10-11,34.19330351552709,-12.587645408359347,4.929848205565277,-17.612358556709395
2001-10-12,32.870856543796364,-11.839248450133848,3.8072489451346,-16.951959198171966
2001-10-13,33.54229273700042,-12.655953938992667,4.822372010361105,-17.58604534750161
2001-10-14,33.30252655990124,-12.60666971036578,3.813769870191717,-17.502180836980322
2001-10-15,34.40282404176513,-13.678415338756569,3.3082932517537493,-17.469778913796603
2001-10-16,34.321434259090076,-14.032095420635553,3.2049812991699005,-18.506876651177425
2001-10-17,34.55747138850962,-12.334028615677552,2.6531616530974707,-18.73074840293156
2001-10-18,33.55396811805561,-12.033411757939549,2.464122044160929,-19.462230613892284
2001-10-19,35.689895656219036,-12.66379967555343,2.9829891197909193,-17.250720265719337
2001-10-20,34.527992325285204,-11.527261581404986,2.6889073576155553,-17.281426501617418
2001-10-21,33.43473477801625,-10.961493413736806,3.6463136696500174,-16.495292826238302
2001-10-22,33.14940137988704,-10.832453742085018,3.9044809128635354,-15.310369433788072
2001-10-23,33.977392180098306,-10.318637522853217,3.5547006650830975,-13.225594302281134
2001-10-24,35.11570219162781,-8.649777394710066,2.6968059917120546,-13.037390815569644
2001-10-25,35.02943410213667,-6.42769869883597,3.3739341193611145,-13.501643165264982
2001-10-26,34.865409603580005,-5.424331911844467,3.472536146319339,-15.40657293730398
2001-10-27,33.600433163197366,-6.551224690175259,4.779129018892779,-15.014762886013788
2001-10-28,35.339748653457875,-7.566817028453721,3.0720361329532277,-15.42334859330653
2001-10-29,35.09456537921924,-7.7578912378079945,2.094248959099124,-15.092703557432625
2001-10-30,36.30045293935993,-9.650400328238495,-1.6838177462472674,-16.43070678236906
2001-10-31,34.5348074542421,-9.168998807487519,-0.9346815089496145,-17.25247785829758
2001-11-01,34.813950320660005,-8.877077838783551,-1.9536037027917688,-14.980100476460782
2001-11-02,34.14408504363495,-8.571727917433412,0.13568205319431192,-14.876309124323003
2001-11-03,33.663789102159555,-8.94426484273923,1.161022673282359,-14.081459145691703
2001-11-04,33.414949909602136,-7.632574137131645,0.3317516430360199,-14.182499583023024
2001-11-05,32.89445720869563,-7.8502203729192646,-0.9617391353815252,-14.60222905690373
2001-11-06,33.04999328181178,-7.363441377617683,-1.4039432734363342,-14.361439739920282
2001-11-07,33.744292315552414,-5.307049621505615,-1.9096107715612356,-15.810727449666723
2001-11-08,33.43112755529963,-4.384630523980945,-3.0396477867526377,-15.91030426389275
2001-11-09,32.60572333351678,-5.46940042745865,-3.9277421561831685,-15.67416632807416
2001-11-10,31.525586808653642,-5.770574206814702,-4.954267416134148,-16.10286710609243
2001-11-11,33.94516481962594,-6.00642471278159,-2.8475144580084852,-15.719635684300384
2001-11-12,33.43929028074971,-5.18606012230079,-4.533152325222182,-15.923829860860295
2001-11-13,32.79639146754001,-4.632122574873276,-4.415228730985902,-15.096795559695028
2001-11-14,32.04466524088833,-5.5875990768789,-3.6911269532456394,-15.144763261137845
2001-11-15,32.506166739789634,-5.779974254547665,-5.430356695067746,-15.66213727420347
2001-11-16,31.20741577138921,-5.302796066671162,-4.784113537408551,-16.662979997385246
2001-11-17,29.673656154916003,-8.201831125482274,-4.849628153617397,-17.554526261249496
2001-11-18,30.02349747261797,-8.743239061785513,-3.3761063691901345,-16.886264279155625
2001-11-19,30.560095657509397,-9.361893291698014,-2.80267989329384,-16.23516049689372
2001-11-20,30.88514909301603,-10.094986284032359,-2.5394558161075476,-15.66030692536776
2001-11-21,31.99565471971841,-11.116670594129003,-2.923054585225256,-14.832223198359824
2001-11-22,32.7380997261504,-11.468795572481513,-2.9192639761373944,-16.986694704392804
2001-11-23,32.69131258379292,-13.49804723132891,-4.377852749498125,-15.294049102787309
2001-11-24,31.80268404153965,-12.474099615557826,-3.9454947567442717,-15.890152807584906
2001-11-25,30.680235849364877,-10.360889955316198,-2.075629581341718,-16.884856113036765
2001-11-26,31.93698079756726,-7.042321435233457,-0.6702625712329309,-16.482014999940823
2001-11-27,31.739645750693896,-7.0182259479578555,-0.5639408513260527,-16.34093188584732
2001-11-28,31.686069002749647,-8.349776388589264,-0.15437331916119262,-14.685735058752966
2001-11-29,33.28961170434355,-8.467057920439464,0.36161918000322396,-15.682070264229537
2001-11-30,33.79758704629825,-7.960099852369478,0.915142466518492,-14.96663433126082
2001-12-01,31.919058465788233,-7.8939630811163735,1.2517956035795694,-14.360952620713805
2001-12-02,31.48208837150069,-7.815304803542801,-0.09859886399147477,-15.49084418091392
2001-12-03,31.73997948068787,-9.974305530837158,-0.5434819536788423,-16.56708696798993
2001-12-04,32.87594528988957,-8.578609975738365,-0.7239141081619157,-15.856435640915947
2001-12-05,34.44631372930616,-9.039381617304109,-1.1581416677405376,-14.122661615306152
2001-12-06,34.56341606034713,-9.551561491478477,-1.4082555626530957,-13.029365342375396
2001-12-07,34.14147036441203,-10.19562485379553,0.5483625248042119,-11.104729576959416
2001-12-08,34.706954008829406,-10.297102094870993,1.257900318127147,-11.05291641971771
2001-12-09,34.14515201163689,-10.178200786870097,1.1140419892798201,-11.533783985642414
2001-12-10,34.18101922175385,-10.028418653064861,0.7501344851425057,-12.671081783088841
2001-12-11,33.40358331419498,-9.466453875751172,-0.022182688801852035,-14.076850264509059
2001-12-12,32.71612011594603,-9.349335499788706,-0.05916490024364234,-12.317153985355393
2001-12-13,32.36935944639517,-10.214902493325704,0.8072169841811934,-14.043946742426808
2001-12-14,32.943860717299465,-9.206756651759768,2.4344870387330046,-13.558150891950755
2001-12-15,32.21271675886295,-8.170641143949016,2.4324622828844773,-13.38784895453096
2001-12-16,32.07119143448757,-7.013462483589554,1.8178261035372196,-13.753298685035658
2001-12-17,31.864425830940885,-5.30028840523217,1.342036526950997,-14.774972445191334
2001-12-18,31.502089242753613,-5.160186851727428,1.0012205294745358,-15.845914009695424
2001-12-19,31.498222336457133,-5.129528324518821,1.6859229025169777,-15.631767393204488
2001-12-20,30.69077421020841,-6.766401087156324,2.120719108500835,-16.3256296461379
2001-12-21,30.137501663488642,-6.538139289842935,2.1080368128091016,-16.075063089727006
2001-12-22,28.879654506665837,-8.336603689930692,1.9569021759086125,-17.62802904196528
2001-12-23,29.417050609245617,-7.878838378828552,0.5692920942223867,-19.821151758063536
2001-12-24,28.752951489535658,-7.547055665620689,1.8711446956088196,-19.652008244360534
2001-12-25,27.97647233589495,-6.841257204175468,2.6796765174721444,-18.970131565043793
2001-12-26,27.827522182266307,-6.447584843321448,2.1340467947421304,-18.37635877353288
2001-12-27,26.72059269119542,-6.137415183464096,3.4017697143183265,-18.545752293911814
2001-12-28,28.04494949505791,-5.261212829126598,1.5560966311658342,-19.085345926321008
2001-12-29,28.286121839753893,-6.180686520043803,2.1766495537878345,-19.227951147087445
2001-12-30,29.0175434557888,-6.883264722097092,3.334424322392441,-19.137070108574893
2001-12-31,30.069647229962115,-5.847737040489687,4.485849028314295,-20.05434131085528
2002-01-01,29.61936106449002,-3.5407587225925976,4.6030284493678,-19.541123360873147
2002-01-02,30.379788010308438,-3.8071841530143518,4.197620740859458,-20.30782476222834
2002-01-03,29.365471807558777,-2.6940297814282292,5.17021886922332,-20.283991633020864
2002-01-04,29.676232538811337,-4.783782157789952,5.833255321194775,-19.763157030645164
2002-01-05,30.117854521755177,-4.083433458348135,5.249585323394092,-19.312502767783084
2002-01-06,29.473719131046806,-5.38613668237818,4.548956587270491,-19.463632168777522
2002-01-07,29.196993435485847,-4.764781500734463,4.103234463813892,-19.281434651308846
2002-01-08,29.073631970013462,-3.8289681460977847,3.1609689127911214,-19.777819080285344
2002-01-09,29.627241120095103,-3.9785917101750052,2.514907929088202,-19.627710310954413
2002-01-10,28.246550998522835,-4.709704776302263,2.0261162383511486,-20.881489609340434
2002-01-11,28.773466076227006,-4.517688846849079,2.166181215731638,-20.490270754893906
2002-01-12,28.300906473424718,-2.1496697195377097,0.8693051548903081,-20.63527195178254
2002-01-13,27.550272064489594,-1.1389580186245731,1.2724028386403308,-22.946970473712486
2002-01-14,28.330187263815635,-1.8202920104624565,2.0344915444103098,-23.91024674150939
2002-01-15,27.900894563687093,-0.2365044665050211,2.6529955941341656,-24.78919395524937
2002-01-16,28.59679977304574,-1.0662068459323173,4.735432926456542,-24.3955329941484
2002-01-17,27.858895490082695,-0.9784757194060022,5.236937814727012,-23.795378001022414
2002-01-18,26.44798888961221,-0.5279588350990343,4.923227176444718,-25.12068806614643
2002-01-19,27.8430720661713,-1.3901321341697677,5.792200522889267,-24.46328505868958
2002-01-20,28.633633881590328,-1.6665197490402974,6.622301805156179,-26.008920836777943
2002-01-21,29.970888807579204,-0.6304831271461535,8.869798523860881,-25.081761604100546
2002-01-22,30.331312541638354,-0.8485025264189373,11.325930533251594,-24.31274560553074
2002-01-23,30.39831737887769,-1.5704327255939396,12.34918384166173,-22.81288470006745
2002-01-24,30.891629064728797,-1.5773273615470378,12.150338347617124,-22.70222389974914
2002-01-25,31.245264054229047,-1.2197740941753106,12.742786680432586,-24.930031748895406
2002-01-26,30.951088977404257,0.08327656467073652,11.193125539779178,-23.836701617820918
2002-01-27,32.194589553939565,1.346680158438906,9.723665417710096,-23.382887297497465
2002-01-28,32.486799606039476,1.0733847957416869,8.597161945513523,-24.24359080539447
2002-01-29,31.20120162686931,1.5576138294458806,8.396703586802529,-25.092373023504138
2002-01-30,31.4933454632608,0.2643264362741429,8.723901375729099,-26.16772581311714
2002-01-31,30.652273677514007,0.1908095594138046,7.819352360144824,-26.16222308281155
2002-02-01,30.91949926635793,0.10651261937029771,7.657408316747942,-26.449190663535944
2002-02-02,31.47076081210409,-0.5902467876651019,8.551086429244561,-27.06743500739181
2002-02-03,31.7560231303444,-0.08404996596345327,8.578316306544075,-24.481314592314888
2002-02-04,31.2319703266378,-0.9110461033253182,8.89999399608074,-24.345567054607326
2002-02-05,30.718391106148346,-1.7429002219280951,10.411586969527635,-26.259620612451425
2002-02-06,29.33065405969258,-2.6641903775732665,11.366650280489479,-28.016445145864918
2002-02-07,28.82308141974721,-2.269852086081091,9.664117001038143,-29.479737814003876
2002-02-08,29.582323577989843,-3.3148882047461616,10.766903992130478,-29.776254795467267
2002-02-09,28.54825771052877,-1.8882173249176712,11.959354466193636,-31.11337556000516
2002-02-10,25.530502875822236,-2.5426940531909956,11.953184329804987,-31.64335116551795
2002-02-11,25.43021138712444,-3.746593959682222,11.310600701843097,-30.529867496492464
2002-02-12,24.178569544149696,-2.9552953549415184,11.378846581401948,-30.081921852372908
2002-02-13,23.54834269889306,-3.7839114154027125,12.562876425320555,-30.642952009866388
2002-02-14,24.510006393970727,-3.663532835701561,11.046575435923982,-30.109996917616122
2002-02-15,25.8734237881952,-2.5738103769261462,11.548901587672383,-30.287345986933143
2002-02-16,24.974882017140594,-2.8808339367057902,11.614144874971837,-29.576470960440265
2002-02-17,24.65518996939729,-2.346944275721799,11.419044864573173,-27.86672671701853
2002-02-18,23.32163056546166,-1.497971807574247,10.190258063444817,-26.90846499563586
2002-02-19,22.448123627626345,-3.0851834647318084,11.756836776626312,-27.40244680500004
2002-02-20,22.05295291311397,-2.045151682468853,12.343637558406845,-27.145799461028624
2002-02-21,21.90097683183085,-2.8290033794409988,10.741136999100862,-27.628392984699282
2002-02-22,22.433244683532852,-2.96257059612886,8.426762832755585,-29.527991973723676
2002-02-23,21.509642740106976,-1.6686893141854753,8.700107415063922,-29.582654378847746
2002-02-24,22.429215864042266,-0.24536966813758898,7.7543678176956226,-30.32941389965031
2002-02-25,23.7881383688742,-1.5574816064981944,8.202444526682344,-29.811586216544935
2002-02-26,23.882619409446963,-0.1649791873619797,8.832941162039443,-29.147185351600253
2002-02-27,24.787735771583762,0.4622629468150481,9.162678200052891,-28.80427485809869
2002-02-28,24.071187273643147,-0.1826095710619947,8.443380745563621,-28.440917801020245
2002-03-01,23.658375611843045,-1.1132056329530053,8.262338494054143,-28.714036399335225
2002-03-02,23.101879704907414,-1.828180057178486,9.520092310279363,-27.978870813954213
2002-03-03,21.610728486300783,-1.4041906118679122,10.053926177533166,-28.15264681526918
2002-03-04,21.744638871754415,0.3235236492729576,9.137534310414525,-27.16230498114592
2002-03-05,21.947488337599847,-0.8068111225710153,10.197691685624049,-27.202000609099244
2002-03-06,23.106424113746094,-1.0453297506226817,10.07860476052228,-25.89472698966278
2002-03-07,22.868589228948665,-2.583791336859437,9.763854445277051,-27.92948861065888
2002-03-08,20.59924812511782,-3.10656832173024,9.07277372633163,-28.503297809140253
2002-03-09,21.33122637797785,-2.964675988664397,7.777579938945754,-27.657758206189715
2002-03-10,22.369058914266667,-3.580076398066622,6.668333352707803,-28.83082973415149
2002-03-11,23.4771412002854,-5.28895082661419,8.048985413950868,-29.2512434296927
2002-03-12,22.70180848270697,-6.991046041379399,7.492923898715115,-29.027088999068805
2002-03-13,22.67758173749387,-7.584716639004416,9.354440384465613,-28.51129452538624
2002-03-14,20.704561294921074,-7.466913523865528,7.907642435355775,-30.14622767711138
2002-03-15,21.073332804298325,-7.260903478392336,7.094460748698622,-29.76010194676245
2002-03-16,19.487981953695904,-7.461772382091255,6.804113312971103,-29.580471944744517
2002-03-17,17.79450575854669,-8.720593742252209,6.776071948588785,-30.07480864266582
2002-03-18,17.959743496123785,-9.201281593080777,5.302418918253283,-29.95148492910468
2002-03-19,18.011238485549132,-9.499909384920635,5.330346589732196,-28.11101789432163
2002-03-20,17.285167477046112,-9.962288595702892,4.8118717460592135,-26.71134162602577
2002-03-21,16.082978005689743,-11.566493352964939,4.505026902115468,-27.29331865201768
2002-03-22,16.49964970841466,-11.334623730193888,5.614625866947438,-27.272683809091543
2002-03-23,15.278667886492265,-12.09821661775402,4.851695348736389,-27.730253555492585
2002-03-24,14.4582672060994,-12.09684809869556,6.838493793578662,-27.26318509470336
2002-03-25,14.496186270859216,-13.177298466309388,8.016255566751028,-26.038952996681108
2002-03-26,12.383850612846992,-14.110670553278736,6.219586930437145,-26.18971891966315
2002-03-27,11.848109827840508,-12.336133840362269,7.244187093855154,-25.901204946915627
2002-03-28,11.532640612728885,-13.606382620675578,7.756943140187153,-27.562448184565
2002-03-29,11.441302528017534,-14.014579256294835,8.422413157320305,-27.459787216838315
2002-03-30,12.992821833266749,-12.586271483270195,7.767210817269911,-26.51509065847046
2002-03-31,14.229425716428015,-12.342520448124162,7.65886028027438,-27.20540696476203
2002-04-01,15.40418457999992,-11.474548790990648,7.91780781133594,-26.718873539180308
2002-04-02,13.84241953751659,-11.87838378170729,6.856478993317763,-26.014029825879412
2002-04-03,14.002828704608287,-10.06608277597946,5.899041914422899,-24.22583194198288
2002-04-04,13.46194872106729,-10.342150310123829,6.207218644878267,-23.869655630863146
2002-04-05,14.108480563169389,-11.929544284186266,7.2182576411863035,-24.206808761140106
2002-04-06,15.012720630556618,-10.851911698058913,5.523915103767638,-23.46405294065648
2002-04-07,15.899307413525062,-11.662304672397774,4.280074963474722,-24.914411769576645
2002-04-08,15.91361719202969,-11.837548488497182,4.367011324986694,-26.49437694094624
2002-04-09,16.030381178367804,-12.35187079539614,4.5367381350247635,-25.99734132533227
2002-04-10,16.887522114070045,-13.06272547894297,5.703602194160361,-25.714353446768786
2002-04-11,17.455341369707114,-10.892239778780514,7.119546721275951,-24.768607485870948
2002-04-12,17.52545925617874,-10.661519868561413,6.154494750152043,-24.370850469895803
2002-04-13,16.996028387347742,-10.620427727792018,5.9180903384739745,-23.59388290778816
2002-04-14,14.735438068829279,-13.126260429252643,5.722008426596539,-24.99628649929815
2002-04-15,14.423680844987372,-11.445247808837712,4.376072253960233,-27.952742246315726
2002-04-16,13.150105598884714,-10.938343726500795,4.302206780616529,-27.886589638797773
2002-04-17,12.695506968552388,-11.801124840603,3.207986929366767,-28.79101447483114
2002-04-18,12.991947945824386,-9.83070731610104,2.9184191370801793,-30.24213350202672
2002-04-19,12.817718511703697,-10.111027948939848,2.7163379346316385,-29.154619942765148
2002-04-20,11.143025286021423,-10.486482028264726,2.9615586496088926,-29.158146612390844
2002-04-21,11.736360688035846,-11.154486176313778,3.78932453250611,-28.694458289423824
2002-04-22,12.111392660988093,-9.846274903505138,4.299090854235604,-29.055873038363544
2002-04-23,12.631009343464989,-10.253854097267311,4.976950379893273,-29.512438042904495
2002-04-24,10.833626465459156,-9.377672805420284,6.513338306436808,-29.345976536210216
2002-04-25,10.402396148994814,-8.31539067763498,7.796076589068152,-30.121816842062195
2002-04-26,10.936564370066725,-9.913334252538693,7.249876700633208,-29.392646981866925
2002-04-27,12.345495767512013,-9.255856694505027,5.482477340741487,-30.398572587296016
2002-04-28,12.907464331188683,-8.398037174653048,5.003316939377723,-30.737708234711
2002-04-29,14.688045293188122,-9.809890892998213,3.8176058641173274,-28.129004607979695
2002-04-30,13.291743312055386,-7.398096879483061,3.6643442947279685,-29.76126690618791
2002-05-01,11.821797338275218,-7.255577256170853,3.468157867204766,-29.3672687171972
2002-05-02,14.323128845721612,-9.329458069060802,2.659461467164708,-27.744140336800914
2002-05-03,13.443638061993068,-11.36713035238453,3.850197810061072,-27.897173150800878
2002-05-04,14.081090889198919,-11.839379365885154,2.735512331426748,-27.776872929124444
2002-05-05,13.3193978379086,-12.887006869802832,2.8188107444676955,-27.2924738187974
2002-05-06,13.970664326821003,-12.702559224252171,2.2754304340913802,-27.717895474524433
2002-05-07,12.862210516222143,-12.290603474140426,0.4710313955154357,-29.256640850379505
2002-05-08,13.002273631087474,-10.423449115253518,0.38345284258345413,-27.919395783343006
2002-05-09,13.304585390768453,-9.326186702579657,0.2023655691637972,-28.11215632902029
2002-05-10,13.90337252440487,-9.391713829320448,-1.014769754597076,-28.636897648065553
2002-05-11,15.125197590363804,-8.13137323062458,-0.8547064927204087,-29.555081694229614
2002-05-12,15.53910023174696,-6.0725343822083655,-2.428563837429615,-28.726507529370107
2002-05-13,15.66924441707693,-5.431213571282615,-1.897779472048085,-28.270384142145144
2002-05-14,16.610950694685634,-4.62562053200405,-1.061203415974001,-29.557750285998328
2002-05-15,17.282064068040825,-6.700855049822397,-2.0925813103132302,-31.066646933024266
2002-05-16,17.717776681887834,-8.295665539841462,-0.4699684048735886,-29.705047505273882
2002-05-17,20.304846042753994,-8.732231028222802,0.442693603243663,-30.030612328192134
2002-05-18,20.094978508530065,-8.447738550896439,1.5688692156262272,-29.13533152407277
2002-05-19,20.516243987375894,-7.947766946948755,1.565522626843458,-26.614571883099515
2002-05-20,21.567103080949874,-8.92791968821813,0.581662555685892,-25.700823570260987
2002-05-21,20.691789601396337,-7.405732303629449,0.586125086024685,-24.216510275116267
2002-05-22,20.673356656165737,-6.894222130298105,0.3764956254632088,-23.99012006996395
2002-05-23,22.29026635416017,-6.925887664427624,1.2623569921140168,-22.010526492402096
2002-05-24,22.862775228109466,-7.264311942151082,-0.7314957663420665,-21.687046158127007
2002-05-25,23.48504138119237,-7.202964944608274,-1.3151959455896103,-21.27141125957645
2002-05-26,23.432314532962288,-6.823473098518986,-2.024245554445847,-20.765595551379793
2002-05-27,23.92541426682982,-8.198958110723817,-2.1208130455833567,-19.641268046404875
2002-05-28,22.906034244380294,-7.74048031229327,-3.0970065366850577,-19.303594903489266
2002-05-29,21.992846829174162,-7.011246776197372,-2.2127670149984073,-19.611563479220138
2002-05-30,20.284214070636928,-7.815328000104759,-1.0675631860123258,-18.72410477464254
2002-05-31,20.73364641612611,-7.9798888800813215,-3.539189170892035,-18.420809828770928
2002-06-01,20.37263548075857,-7.913746600976771,-3.823790172067448,-20.756922498413793
2002-06-02,19.320152304299036,-6.968374815110196,-2.672766944211403,-19.80142619879545
2002-06-03,20.709238396305633,-6.83037547183655,-2.310758803350855,-19.077082177410503
2002-06-04,21.579764928722824,-6.706480041269154,-2.2835089839006346,-19.168777622618755
2002-06-05,21.81787448248351,-4.350433953447846,-2.624428547841373,-18.012031676145902
2002-06-06,22.6167166246217,-5.647834937242766,-2.3247665702731615,-18.319380131680294
2002-06-07,21.299884291826757,-4.866296924093724,-4.026540380499147,-19.790013894465588
2002-06-08,22.20279507865392,-5.315634050298974,-4.913656004573309,-21.121300049577396
2002-06-09,23.131013424682216,-5.180899876319684,-4.297662616848099,-21.608574159427654
2002-06-10,21.492425182811186,-4.30572218343106,-5.722185522528045,-21.424013170957654
2002-06-11,21.603090610768138,-3.3438657688841054,-5.36406753444099,-23.48575578086872
2002-06-12,21.833794499417916,-2.4604378573947305,-3.3004043944540484,-22.99076582620439
2002-06-13,23.585596961300702,-2.627401823452334,-2.5400037739497665,-21.95990160239372
2002-06-14,23.262824559404983,-2.0740217636347675,-1.1014074850970408,-22.78851323578918
2002-06-15,22.236858737275593,-2.356505005231677,-0.45830396301936793,-23.645730986073996
2002-06-16,20.954427056091248,-2.393434255924828,0.4603097031496225,-23.531639995004497
2002-06-17,20.774781311410443,-2.7522594833640066,0.46587134371502875,-22.428344988968497
2002-06-18,21.560365218246332,-3.2116623874592216,1.9723720056015739,-23.27834889321827
2002-06-19,23.992213048357343,-3.572927958678109,1.2377305648636008,-22.21556162822484
2002-06-20,25.174072271070873,-3.345803976123277,1.434063620809939,-21.66001240354107
2002-06-21,25.52550303922735,-3.482426413591848,1.8324450657218467,-19.046355411228163
2002-06-22,26.44934912338586,-2.804807748424154,-0.026119207061386707,-19.773367710746292
2002-06-23,26.100666713286472,-3.1739330407089947,1.8103553416456188,-18.96101481449966
2002-06-24,24.556108985302174,-3.8105909901928117,2.565065822571035,-18.94233278859967
2002-06-25,25.890471690999295,-4.933012225592969,1.2316799403491345,-20.703245194910572
2002-06-26,26.043988892255182,-5.339658678896833,1.6386259349706966,-20.75445915061785
2002-06-27,27.065435675122885,-5.6140012885298765,1.8524875901879547,-20.966445693614833
2002-06-28,28.132429199067357,-6.217835017839993,2.940034764832059,-20.727240021865946
2002-06-29,27.143091800527998,-6.175844685989624,3.0440927150523467,-20.940165702141613
2002-06-30,26.43399701351546,-7.130531970587492,2.6481756910900085,-21.048275683284388
2002-07-01,25.965452907435186,-7.533194661157651,1.8879549239049442,-22.042188824628266
2002-07-02,27.762100388948927,-9.59288613261565,2.123299890918234,-21.900154714970036
2002-07-03,26.901486146635385,-8.6820151107636,-0.5714145145297556,-21.298757588361326
2002-07-04,26.984991732183826,-9.439995184166492,0.5277723880777001,-19.31616570361522
2002-07-05,26.13574632340513,-10.113679087082334,-1.17644435030515,-19.793153728470134
2002-07-06,25.72892037376152,-11.246223923271257,-0.5476544234572648,-19.213408854675755
2002-07-07,25.486970318243614,-11.563150333838514,1.8707528818091705,-18.595194392509736
2002-07-08,24.949133635000468,-9.728385249596197,1.7984808602139222,-19.454430639185084
2002-07-09,24.045150368556865,-9.162375156202758,0.12213851379103868,-19.21988968614389
2002-07-10,25.122115217938006,-9.171574424153269,0.03696712154665163,-19.33397903495379
2002-07-11,24.276541957312443,-9.298650725797243,0.3272124076576499,-18.399274135541564
2002-07-12,25.126038588058453,-10.086751537654335,1.291879097806963,-17.685479216221655
2002-07-13,24.54494936948605,-11.962700300883892,1.909248364334192,-17.14080368970626
2002-07-14,23.906511992048483,-12.697522994318627,1.4341287314549858,-16.675903814323597
2002-07-15,23.983962468698408,-10.808794821803469,-0.2951864465683869,-16.51458956049816
2002-07-16,25.095813052321738,-13.512763866321347,0.7845042692716906,-15.09641023196301
2002-07-17,24.94142203755052,-14.628522593808675,0.007093864888516932,-15.493909847433983
2002-07-18,25.636683969532495,-15.258109107584183,1.26145699694026,-13.182182754768736
2002-07-19,25.84048765011781,-14.695548376147206,1.3246728071636678,-11.139854139120834
2002-07-20,24.96827134814423,-12.378247106300531,3.504518994054834,-11.600985565622258
2002-07-21,26.65696708493965,-13.427578821462305,3.418413773685343,-12.104923792209522
2002-07-22,26.482596274910225,-12.678295314010697,3.3714880471507103,-10.17795687461188
2002-07-23,26.477619987983182,-13.195561514109025,3.372656634635598,-11.107140756012424
2002-07-24,25.01676117788068,-11.721780116796218,4.947134612328068,-9.734993467752794
2002-07-25,25.473499445183325,-11.417114603103766,5.172958775886069,-9.357372119585525
2002-07-26,25.35663950835814,-12.29239976843471,4.554328465088911,-10.015672657681158
2002-07-27,24.241815972723572,-13.36813958607001,5.319967140474158,-10.378273549723504
2002-07-28,23.670641221200416,-13.417346725047771,5.201345590821831,-10.187378690702682
2002-07-29,23.056359518701633,-13.358563608551783,5.656785140495407,-9.371116326040516
2002-07-30,22.622628479054484,-13.78091722402433,5.090542746955716,-9.10137005803499
2002-07-31,22.472127292342044,-13.604490603466608,2.477392410408264,-9.303332343794926
2002-08-01,22.256483147151013,-13.64340393093592,4.219425822304936,-9.344210918590647
2002-08-02,22.600987180694005,-15.669253759839531,3.8929823482702264,-8.961577423159131
2002-08-03,23.024057641982417,-14.8869547931755,5.646190958540374,-8.643519856970196
2002-08-04,23.77186805488566,-15.44165144501315,6.1241741688272375,-7.586503066212408
2002-08-05,24.338055021338445,-15.849025494623088,5.144933841887853,-7.092884579707606
2002-08-06,24.568027429240708,-14.96253095268211,6.651472225669738,-7.526791742339362
2002-08-07,24.729030111062926,-14.431637904056867,7.2669322270901215,-7.055119722933664
2002-08-08,24.965178586553172,-13.81388231066116,8.308403507517166,-6.587542256372694
2002-08-09,25.732711359300293,-14.495608062438276,8.021661273653322,-5.959034417790959
2002-08-10,25.045629367854893,-14.931636855527055,9.40011495773433,-5.533678602717906
2002-08-11,24.74188362803122,-15.840199121932569,10.07799511831402,-3.6212637729833235
2002-08-12,23.029968192668715,-17.68609998265814,9.747644398648305,-4.175114540363536
2002-08-13,22.327667098126984,-17.90523627435315,7.874546472699624,-4.046086373971305
2002-08-14,24.733501190172895,-18.981982989328746,8.282118620855808,-3.1901599379873753
2002-08-15,25.626358456945677,-17.354516560074728,7.432826780683728,-4.873292673670321
2002-08-16,24.411743576106566,-18.538881721661706,7.702052168617769,-3.949685700456429
2002-08-17,24.929280974238097,-18.73698689951251,6.730614245285494,-5.15006090861064
2002-08-18,24.04994989688903,-17.89084658888528,6.715989559367558,-6.5994471319559995
2002-08-19,24.688249692431686,-15.904324727376464,9.181388253194381,-6.732437376200261
2002-08-20,22.47464018594669,-18.16224554326522,8.607320368230887,-8.031749018062207
2002-08-21,23.214091821378442,-17.38015136800163,8.917590339430882,-6.978280147313052
2002-08-22,22.499184505630428,-16.51819622511626,9.814965818677061,-5.399164296041902
2002-08-23,22.447337304259882,-15.713862731490456,9.729339431865817,-5.200010685386007
2002-08-24,22.268622610509944,-14.740793678640296,10.608927948960549,-4.388481531611106
2002-08-25,20.757465066071585,-15.923093487587105,9.455327098055896,-5.747728902073126
2002-08-26,20.405942144447664,-15.819213077246241,9.915848237503699,-6.347830367555245
2002-08-27,20.815088781491422,-15.147763542327793,9.149960524919619,-5.120096256288485
2002-08-28,22.366536213927567,-15.09606882629225,9.188586910818357,-4.233334029543665
2002-08-29,20.982939041743432,-16.461955336409954,8.434120823905392,-4.36419174263501
2002-08-30,21.524562794810002,-12.856897012964131,8.086354892507453,-4.899348466408311
2002-08-31,20.972493614674946,-10.892428138326128,8.346075800430166,-6.272721453911034
2002-09-01,20.27995008731959,-11.941353685550533,10.01704054648869,-5.882174070617731
2002-09-02,20.4616655913382,-10.711057140964535,10.34550652627224,-6.086325521365447
2002-09-03,18.818615859885426,-10.617699502703973,10.695749630239485,-5.412610801766849
2002-09-04,17.70396493481698,-11.089670146047554,12.16072890911164,-6.174387341973888
2002-09-05,19.165866872746903,-10.583437705612504,10.526979088391732,-6.770737530423705
2002-09-06,18.809720037319554,-10.591297159673227,9.988340739145839,-6.519172490328122
2002-09-07,17.761891910181646,-11.06742479154982,9.946044849214442,-7.052480988511215
2002-09-08,19.02850428016946,-11.923341508145054,8.35940638748331,-7.304642432220761
2002-09-09,17.910562854643914,-11.965642195844687,8.827004629690663,-6.75454611651847
2002-09-10,18.59098275835551,-10.659911505886877,8.958173119080001,-6.518899063263178
2002-09-11,19.203820060640453,-9.667423537356552,10.535222143404637,-5.632330465061901
2002-09-12,18.429646101001996,-8.567855403007176,10.365444711760633,-6.87227768725422
2002-09-13,17.425796790941646,-10.662190900736924,9.391260046757845,-5.93215158898063
2002-09-14,18.305159767961925,-10.837298371080058,9.50271020171997,-6.101789681655479
2002-09-15,19.291194866423865,-11.52873496266274,9.474707654356726,-5.24506343717323
2002-09-16,19.6687174313047,-13.11110264266281,12.216026420273,-4.833462454111379
2002-09-17,21.346645983922286,-13.6886208519696,10.936740120515308,-5.439470622116899
2002-09-18,21.481241159077353,-14.674800669088183,10.215631638447016,-4.597029420177703
2002-09-19,22.62077621690498,-14.785326318016486,10.175983039965216,-4.42227994624262
2002-09-20,24.081446577967306,-15.978099762805716,9.806884855495289,-3.251627916211071
2002-09-21,24.85857017251707,-15.1860788476647,11.689478274425259,-4.0992610641094185
2002-09-22,23.980154062738713,-14.297564428738612,12.0781308243907,-4.731525951456495
2002-09-23,24.298828103126233,-12.961059980630818,11.906541409118642,-4.330382795702039
2002-09-24,22.374149479928512,-11.925118121161509,12.120891249073905,-7.392170884085765
2002-09-25,19.99761157065373,-13.322411362752762,12.016312008088983,-8.39977276077575
2002-09-26,19.04016837191617,-14.183574828154175,10.916893187440762,-10.524487949301992
